expiry,days,T,type,K,bid,ask,mid,volume,openInterest,rel_spread,moneyness,F,q_impl,S_adj,iv_mkt,vega,otm
2026-07-24,30,0.0821917808219178,call,50.0,3.65,4.45,4.05,1.0,48.0,0.19753086419753094,0.9333582282030675,53.63590449954089,0.021941087669875542,53.47347984280341,0.27731688666996557,3.9957765110138914,False
2026-07-24,30,0.0821917808219178,call,51.0,2.9,3.75,3.325,8.0,6.0,0.2556390977443609,0.9520253927671288,53.63590449954089,0.021941087669875542,53.47347984280341,0.2846246302429053,4.924259478157697,False
2026-07-24,30,0.0821917808219178,call,52.0,2.3,2.75,2.525,10.0,5.0,0.1782178217821783,0.9706925573311902,53.63590449954089,0.021941087669875542,53.47347984280341,0.26195744835002854,5.527022877318065,False
2026-07-24,30,0.0821917808219178,call,53.0,1.57,2.16,1.8650000000000002,2.0,90.0,0.3163538873994638,0.9893597218952516,53.63590449954089,0.021941087669875542,53.47347984280341,0.2512406453243259,5.992905178429302,False
2026-07-24,30,0.0821917808219178,call,54.0,1.05,1.55,1.3,3.0,6.0,0.3846153846153846,1.008026886459313,53.63590449954089,0.021941087669875542,53.47347984280341,0.2403066460625016,6.1035166329336175,True
2026-07-24,30,0.0821917808219178,call,54.5,0.86,1.33,1.095,3.0,3.0,0.42922374429223753,1.0173604687413436,53.63590449954089,0.021941087669875542,53.47347984280341,0.241112264515002,5.998821956916531,True
2026-07-24,30,0.0821917808219178,call,55.5,0.65,1.01,0.8300000000000001,5.0,14.0,0.4337349397590361,1.036027633305405,53.63590449954089,0.021941087669875542,53.47347984280341,0.2555160633667106,5.576455346327344,True
2026-07-24,30,0.0821917808219178,call,56.0,0.43,0.71,0.57,5.0,48.0,0.49122807017543857,1.0453612155874357,53.63590449954089,0.021941087669875542,53.47347984280341,0.23281150120975436,5.0687624129600355,True
2026-07-24,30,0.0821917808219178,put,52.0,0.6,0.95,0.7749999999999999,3.0,129.0,0.4516129032258065,0.9706925573311902,53.63590449954089,0.021941087669875542,53.47347984280341,0.24025323640976343,5.439567284006109,True
2026-07-24,30,0.0821917808219178,put,53.0,0.95,1.56,1.255,9.0,225.0,0.4860557768924304,0.9893597218952516,53.63590449954089,0.021941087669875542,53.47347984280341,0.2552410253817613,5.995336036014524,True
2026-07-24,30,0.0821917808219178,put,53.5,1.26,1.69,1.475,17.0,2.0,0.2915254237288135,0.9986933041772822,53.63590449954089,0.021941087669875542,53.47347984280341,0.25247050712317853,6.100432126427775,True
2026-07-24,30,0.0821917808219178,put,54.0,1.49,1.9,1.6949999999999998,110.0,84.0,0.24188790560471973,1.008026886459313,53.63590449954089,0.021941087669875542,53.47347984280341,0.245550214215216,6.104600413154557,False
2026-07-24,30,0.0821917808219178,put,54.5,1.8,2.22,2.0100000000000002,62.0,13.0,0.20895522388059706,1.0173604687413436,53.63590449954089,0.021941087669875542,53.47347984280341,0.2500259208988735,6.0097906302807305,False
2026-07-24,30,0.0821917808219178,put,55.0,2.02,2.64,2.33,5.0,212.0,0.2660944206008584,1.0266940510233742,53.63590449954089,0.021941087669875542,53.47347984280341,0.25135501512504443,5.824503830929202,False
2026-07-24,30,0.0821917808219178,put,55.5,2.48,2.97,2.725,10.0,0.0,0.17981651376146796,1.036027633305405,53.63590449954089,0.021941087669875542,53.47347984280341,0.26205266700152485,5.606218692502824,False
2026-07-24,30,0.0821917808219178,put,56.0,2.73,3.35,3.04,2.0,18.0,0.20394736842105265,1.0453612155874357,53.63590449954089,0.021941087669875542,53.47347984280341,0.2547205396975668,5.245457972674556,False
2026-07-24,30,0.0821917808219178,put,56.5,3.1,4.05,3.575,8.0,9.0,0.2657342657342657,1.0546947978694663,53.63590449954089,0.021941087669875542,53.47347984280341,0.2864920375665754,5.131942020484624,False
2026-07-24,30,0.0821917808219178,put,57.0,3.45,4.2,3.825,1.0,27.0,0.19607843137254902,1.064028380151497,53.63590449954089,0.021941087669875542,53.47347984280341,0.25805285143680695,4.493209676073558,False
2026-07-24,30,0.0821917808219178,put,57.5,3.55,5.05,4.3,1.0,4.0,0.3488372093023256,1.0733619624335275,53.63590449954089,0.021941087669875542,53.47347984280341,0.27385205560057446,4.273141748274082,False
2026-07-24,30,0.0821917808219178,put,58.0,4.25,5.15,4.7,8.0,23.0,0.19148936170212774,1.0826955447155584,53.63590449954089,0.021941087669875542,53.47347984280341,0.2694301853791247,3.805631326641864,False
2026-07-24,30,0.0821917808219178,put,58.5,4.65,5.4,5.025,1.0,2.0,0.14925373134328357,1.092029126997589,53.63590449954089,0.021941087669875542,53.47347984280341,0.23506034217742586,2.78450029448652,False
2026-07-24,30,0.0821917808219178,put,59.0,5.3,6.0,5.65,5.0,40.0,0.12389380530973454,1.1013627092796197,53.63590449954089,0.021941087669875542,53.47347984280341,0.29319184985365854,3.36927649101647,False
2026-07-24,30,0.0821917808219178,put,59.5,5.35,6.75,6.05,,1.0,0.231404958677686,1.1106962915616503,53.63590449954089,0.021941087669875542,53.47347984280341,0.2780768603835425,2.7594827962807966,False
2026-07-24,30,0.0821917808219178,put,60.0,5.75,7.45,6.6,1.0,28.0,0.2575757575757576,1.120029873843681,53.63590449954089,0.021941087669875542,53.47347984280341,0.31244811458523336,2.952146032677688,False
2026-07-24,30,0.0821917808219178,put,60.5,6.25,7.75,7.0,,2.0,0.21428571428571427,1.1293634561257118,53.63590449954089,0.021941087669875542,53.47347984280341,0.2905764464195846,2.2827883426940114,False
2026-07-24,30,0.0821917808219178,put,62.0,6.65,10.5,8.575,,10.0,0.4489795918367347,1.1573642029718036,53.63590449954089,0.021941087669875542,53.47347984280341,0.3683084408921043,2.5604484066863566,False
2026-07-31,37,0.10136986301369863,call,48.0,5.2,6.7,5.95,11.0,11.0,0.25210084033613445,0.8960238990749448,53.66461748633878,0.01949159284224599,53.464257370487694,0.305321439588175,3.3207799295666436,False
2026-07-31,37,0.10136986301369863,call,51.0,3.1,3.75,3.425,10.0,4.0,0.1897810218978102,0.9520253927671288,53.66461748633878,0.01949159284224599,53.464257370487694,0.2710155741393675,5.556750323731982,False
2026-07-31,37,0.10136986301369863,call,53.0,1.75,2.35,2.05,12.0,110.0,0.2926829268292684,0.9893597218952516,53.66461748633878,0.01949159284224599,53.464257370487694,0.2517326319601116,6.6622887893907565,False
2026-07-31,37,0.10136986301369863,call,53.5,1.47,2.0,1.7349999999999999,2.0,2.0,0.3054755043227666,0.9986933041772822,53.66461748633878,0.01949159284224599,53.464257370487694,0.24365747345361644,6.770077410171258,False
2026-07-31,37,0.10136986301369863,call,54.0,1.26,1.81,1.5350000000000001,18.0,38.0,0.3583061889250814,1.008026886459313,53.66461748633878,0.01949159284224599,53.464257370487694,0.24915587140866025,6.785781989721103,True
2026-07-31,37,0.10136986301369863,call,54.5,1.0,1.59,1.295,19.0,16.0,0.4555984555984557,1.0173604687413436,53.66461748633878,0.01949159284224599,53.464257370487694,0.24531188630252607,6.705908462256159,True
2026-07-31,37,0.10136986301369863,call,55.0,1.04,1.38,1.21,168.0,495.0,0.28099173553719,1.0266940510233742,53.66461748633878,0.01949159284224599,53.464257370487694,0.26151342927511695,6.576059563996687,True
2026-07-31,37,0.10136986301369863,call,56.0,0.7,1.05,0.875,5.0,10.0,0.4000000000000001,1.0453612155874357,53.66461748633878,0.01949159284224599,53.464257370487694,0.26021612546035705,6.072956747813318,True
2026-07-31,37,0.10136986301369863,call,56.5,0.58,0.81,0.6950000000000001,4.0,27.0,0.33093525179856126,1.0546947978694663,53.66461748633878,0.01949159284224599,53.464257370487694,0.25234997139449483,5.670032281066169,True
2026-07-31,37,0.10136986301369863,call,57.0,0.47,0.61,0.54,24.0,62.0,0.25925925925925924,1.064028380151497,53.66461748633878,0.01949159284224599,53.464257370487694,0.24471672947489279,5.183707743396562,True
2026-07-31,37,0.10136986301369863,call,57.5,0.4,0.6,0.5,3.0,9.0,0.3999999999999999,1.0733619624335275,53.66461748633878,0.01949159284224599,53.464257370487694,0.2562966880356593,4.910857745867526,True
2026-07-31,37,0.10136986301369863,put,52.0,0.71,1.05,0.88,8.0,93.0,0.38636363636363646,0.9706925573311902,53.66461748633878,0.01949159284224599,53.464257370487694,0.23520631621749818,6.114140738740828,True
2026-07-31,37,0.10136986301369863,put,53.0,1.08,1.57,1.3250000000000002,13.0,101.0,0.3698113207547169,0.9893597218952516,53.66461748633878,0.01949159284224599,53.464257370487694,0.2422926862136631,6.656287581407779,True
2026-07-31,37,0.10136986301369863,put,53.5,1.45,1.77,1.6099999999999999,36.0,21.0,0.19875776397515532,0.9986933041772822,53.66461748633878,0.01949159284224599,53.464257370487694,0.24941854047384665,6.770076142631238,True
2026-07-31,37,0.10136986301369863,put,54.0,1.7,2.19,1.9449999999999998,34.0,47.0,0.2519280205655527,1.008026886459313,53.66461748633878,0.01949159284224599,53.464257370487694,0.2603354712932321,6.787051135242676,False
2026-07-31,37,0.10136986301369863,put,54.5,1.9,2.57,2.235,236.0,12.0,0.29977628635346754,1.0173604687413436,53.66461748633878,0.01949159284224599,53.464257370487694,0.26135931809608254,6.720844615428208,False
2026-07-31,37,0.10136986301369863,put,55.0,2.1,2.6,2.35,2.0,45.0,0.2127659574468085,1.0266940510233742,53.66461748633878,0.01949159284224599,53.464257370487694,0.23240482980925534,6.501412719654941,False
2026-07-31,37,0.10136986301369863,put,55.5,2.57,2.93,2.75,2.0,4.0,0.13090909090909103,1.036027633305405,53.66461748633878,0.01949159284224599,53.464257370487694,0.24328248326397706,6.280201117385728,False
2026-07-31,37,0.10136986301369863,put,56.0,2.61,3.45,3.0300000000000002,2.0,2.0,0.2772277227722773,1.0453612155874357,53.66461748633878,0.01949159284224599,53.464257370487694,0.23148580357531495,5.866029344385075,False
2026-07-31,37,0.10136986301369863,put,56.5,3.15,3.9,3.525,,1.0,0.2127659574468085,1.0546947978694663,53.66461748633878,0.01949159284224599,53.464257370487694,0.25326702209306223,5.67842083811859,False
2026-07-31,37,0.10136986301369863,put,57.5,3.65,4.8,4.225,1.0,3.0,0.27218934911242604,1.0733619624335275,53.66461748633878,0.01949159284224599,53.464257370487694,0.23613313012023895,4.608288254704383,False
2026-07-31,37,0.10136986301369863,put,58.0,4.45,5.25,4.85,4.0,4.0,0.1649484536082474,1.0826955447155584,53.66461748633878,0.01949159284224599,53.464257370487694,0.28142963949141997,4.843087450990245,False
2026-07-31,37,0.10136986301369863,put,59.0,4.95,5.95,5.45,2.0,6.0,0.18348623853211007,1.1013627092796197,53.66461748633878,0.01949159284224599,53.464257370487694,0.21091635763404618,2.628214809492465,False
2026-07-31,37,0.10136986301369863,put,60.0,6.25,6.95,6.6,45.0,45.0,0.10606060606060609,1.120029873843681,53.66461748633878,0.01949159284224599,53.464257370487694,0.2902183697188747,3.4593434471698346,False
2026-07-31,37,0.10136986301369863,put,62.5,7.45,11.0,9.225,,100.0,0.38482384823848237,1.1666977852538345,53.66461748633878,0.01949159284224599,53.464257370487694,0.40227887995924827,3.6028151776551502,False
2026-08-21,58,0.1589041095890411,call,45.0,8.65,9.25,8.95,1.0,6.0,0.06703910614525137,0.8400224053827607,53.78411910669972,0.011796587474374856,53.46967538497135,0.31574637087286617,2.8455723596049634,False
2026-08-21,58,0.1589041095890411,call,46.0,7.6,8.25,7.925,2.0,4.0,0.082018927444795,0.8586895699468221,53.78411910669972,0.011796587474374856,53.46967538497135,0.2746436342716618,2.832639456300626,False
2026-08-21,58,0.1589041095890411,call,47.0,6.7,7.3,7.0,10.0,11.0,0.08571428571428566,0.8773567345108835,53.78411910669972,0.011796587474374856,53.46967538497135,0.2658676393530681,3.5338312781435994,False
2026-08-21,58,0.1589041095890411,call,48.0,5.9,6.45,6.175000000000001,25.0,198.0,0.08906882591093114,0.8960238990749448,53.78411910669972,0.011796587474374856,53.46967538497135,0.2741675659799746,4.6654040449480485,False
2026-08-21,58,0.1589041095890411,call,49.0,5.1,5.65,5.375,14.0,23.0,0.10232558139534897,0.9146910636390062,53.78411910669972,0.011796587474374856,53.46967538497135,0.2756952420362329,5.658134656919721,False
2026-08-21,58,0.1589041095890411,call,50.0,4.15,4.8,4.475,1.0,100.0,0.1452513966480446,0.9333582282030675,53.78411910669972,0.011796587474374856,53.46967538497135,0.2529382781649559,6.302404885552165,False
2026-08-21,58,0.1589041095890411,call,51.0,3.55,4.1,3.8249999999999997,6.0,82.0,0.14379084967320258,0.9520253927671288,53.78411910669972,0.011796587474374856,53.46967538497135,0.2616138237451362,7.261795562095229,False
2026-08-21,58,0.1589041095890411,call,52.0,2.84,3.35,3.0949999999999998,1.0,210.0,0.16478190630048475,0.9706925573311902,53.78411910669972,0.011796587474374856,53.46967538497135,0.24999780256395787,7.885660418512879,False
2026-08-21,58,0.1589041095890411,call,53.0,2.27,2.68,2.475,50.0,60.0,0.1656565656565657,0.9893597218952516,53.78411910669972,0.011796587474374856,53.46967538497135,0.24435606998055048,8.335750889289844,False
2026-08-21,58,0.1589041095890411,call,54.0,1.95,2.08,2.015,20896.0,1208.0,0.06451612903225812,1.008026886459313,53.78411910669972,0.011796587474374856,53.46967538497135,0.2489876496505234,8.502889371452142,True
2026-08-21,58,0.1589041095890411,call,55.0,1.35,1.67,1.51,310.0,2187.0,0.2119205298013244,1.0266940510233742,53.78411910669972,0.011796587474374856,53.46967538497135,0.23943804032311836,8.3566663255681,True
2026-08-21,58,0.1589041095890411,call,56.0,1.1,1.25,1.175,4169.0,1464.0,0.127659574468085,1.0453612155874357,53.78411910669972,0.011796587474374856,53.46967538497135,0.24150237640258307,7.937018954006044,True
2026-08-21,58,0.1589041095890411,call,57.0,0.85,1.02,0.935,93.0,6835.0,0.18181818181818185,1.064028380151497,53.78411910669972,0.011796587474374856,53.46967538497135,0.24784165607199954,7.3559430633017975,True
2026-08-21,58,0.1589041095890411,call,58.0,0.65,0.78,0.7150000000000001,12450.0,24424.0,0.1818181818181818,1.0826955447155584,53.78411910669972,0.011796587474374856,53.46967538497135,0.24980999080051794,6.618012756292526,True
2026-08-21,58,0.1589041095890411,call,59.0,0.47,0.72,0.595,44.0,4375.0,0.42016806722689076,1.1013627092796197,53.78411910669972,0.011796587474374856,53.46967538497135,0.2608532066064853,5.984703922485694,True
2026-08-21,58,0.1589041095890411,call,60.0,0.35,0.45,0.4,7109.0,24577.0,0.25000000000000006,1.120029873843681,53.78411910669972,0.011796587474374856,53.46967538497135,0.25245862625770427,4.969721301793604,True
2026-08-21,58,0.1589041095890411,call,61.0,0.27,0.36,0.315,1071.0,2821.0,0.2857142857142856,1.1386970384077424,53.78411910669972,0.011796587474374856,53.46967538497135,0.2586177845315043,4.2905323346766195,True
2026-08-21,58,0.1589041095890411,call,62.0,0.2,0.31,0.255,12083.0,17599.0,0.4313725490196078,1.1573642029718036,53.78411910669972,0.011796587474374856,53.46967538497135,0.26632682872330743,3.7197148564210796,True
2026-08-21,58,0.1589041095890411,call,63.0,0.15,0.23,0.19,26.0,3513.0,0.42105263157894746,1.1760313675358651,53.78411910669972,0.011796587474374856,53.46967538497135,0.26824955958200775,3.078109781056655,True
2026-08-21,58,0.1589041095890411,put,47.0,0.18,0.3,0.24,646.0,3161.0,0.5,0.8773567345108835,53.78411910669972,0.011796587474374856,53.46967538497135,0.26140823272117675,3.4369473286231536,True
2026-08-21,58,0.1589041095890411,put,48.0,0.32,0.4,0.36,39.0,17934.0,0.22222222222222227,0.8960238990749448,53.78411910669972,0.011796587474374856,53.46967538497135,0.2598842164860439,4.389098076536397,True
2026-08-21,58,0.1589041095890411,put,49.0,0.43,0.55,0.49,4.0,441.0,0.24489795918367357,0.9146910636390062,53.78411910669972,0.011796587474374856,53.46967538497135,0.25215352310887473,5.275774455354358,True
2026-08-21,58,0.1589041095890411,put,50.0,0.66,0.89,0.775,143.0,36891.0,0.2967741935483871,0.9333582282030675,53.78411910669972,0.011796587474374856,53.46967538497135,0.2626803971857152,6.423018072369548,True
2026-08-21,58,0.1589041095890411,put,51.0,0.87,1.01,0.94,4072.0,42812.0,0.14893617021276598,0.9520253927671288,53.78411910669972,0.011796587474374856,53.46967538497135,0.24534233098463443,7.134849486690296,True
2026-08-21,58,0.1589041095890411,put,52.0,1.18,1.35,1.2650000000000001,220.0,3585.0,0.13438735177865624,0.9706925573311902,53.78411910669972,0.011796587474374856,53.46967538497135,0.24284498705874497,7.859249880336052,True
2026-08-21,58,0.1589041095890411,put,53.0,1.62,1.86,1.7400000000000002,605.0,1594.0,0.1379310344827586,0.9893597218952516,53.78411910669972,0.011796587474374856,53.46967538497135,0.2496975400905116,8.33932491226491,True
2026-08-21,58,0.1589041095890411,put,54.0,2.07,2.45,2.26,11.0,472.0,0.16814159292035416,1.008026886459313,53.78411910669972,0.011796587474374856,53.46967538497135,0.2525607201449309,8.502781262216311,False
2026-08-21,58,0.1589041095890411,put,55.0,2.59,2.87,2.73,19.0,1329.0,0.10256410256410266,1.0266940510233742,53.78411910669972,0.011796587474374856,53.46967538497135,0.24078139803878143,8.359110038412243,False
2026-08-21,58,0.1589041095890411,put,56.0,3.1,3.55,3.325,85.0,4638.0,0.13533834586466156,1.0453612155874357,53.78411910669972,0.011796587474374856,53.46967538497135,0.23481764009434258,7.897315203027479,False
2026-08-21,58,0.1589041095890411,put,57.0,3.65,4.5,4.075,4.0,2748.0,0.20858895705521474,1.064028380151497,53.78411910669972,0.011796587474374856,53.46967538497135,0.24003864354539656,7.2730075920881205,False
2026-08-21,58,0.1589041095890411,put,58.0,4.7,5.1,4.9,999.0,1880.0,0.08163265306122437,1.0826955447155584,53.78411910669972,0.011796587474374856,53.46967538497135,0.24886712435431765,6.603663477766676,False
2026-08-21,58,0.1589041095890411,put,59.0,5.55,6.0,5.775,6.0,789.0,0.07792207792207795,1.1013627092796197,53.78411910669972,0.011796587474374856,53.46967538497135,0.2599518887110788,5.9683122851724075,False
2026-08-21,58,0.1589041095890411,put,60.0,6.35,7.15,6.75,10.0,410.0,0.11851851851851862,1.120029873843681,53.78411910669972,0.011796587474374856,53.46967538497135,0.28453388881300434,5.633051367750582,False
2026-08-21,58,0.1589041095890411,put,61.0,7.35,8.0,7.675,8.0,227.0,0.08469055374592839,1.1386970384077424,53.78411910669972,0.011796587474374856,53.46967538497135,0.29792553855293946,5.153919500695073,False
2026-08-21,58,0.1589041095890411,put,62.0,8.15,8.85,8.5,108.0,325.0,0.0823529411764705,1.1573642029718036,53.78411910669972,0.011796587474374856,53.46967538497135,0.2858284782802452,4.185347406161046,False
2026-08-21,58,0.1589041095890411,put,63.0,9.15,9.95,9.55,,10.0,0.08376963350785328,1.1760313675358651,53.78411910669972,0.011796587474374856,53.46967538497135,0.32166408055313717,4.292155051020494,False
2026-08-21,58,0.1589041095890411,put,64.0,9.15,12.45,10.8,1.0,101.0,0.3055555555555554,1.1946985320999264,53.78411910669972,0.011796587474374856,53.46967538497135,0.3990418247859022,5.086671304713546,False
2026-09-18,86,0.2356164383561644,call,43.5,10.2,10.75,10.475,1.0,121.0,0.05250596658711224,0.8120216585366687,53.90171477688393,0.010700269779928384,53.43511129262337,0.2813869221545638,2.7053172215770385,False
2026-09-18,86,0.2356164383561644,call,44.0,9.7,10.5,10.1,8.0,774.0,0.07920792079207928,0.8213552408186994,53.90171477688393,0.010700269779928384,53.43511129262337,0.30643539739370534,3.674719884415163,False
2026-09-18,86,0.2356164383561644,call,44.5,9.3,9.95,9.625,10.0,6516.0,0.06753246753246739,0.8306888231007301,53.90171477688393,0.010700269779928384,53.43511129262337,0.29855178032232504,3.9103087379065355,False
2026-09-18,86,0.2356164383561644,call,45.0,8.9,9.35,9.125,5.0,9072.0,0.04931506849315061,0.8400224053827607,53.90171477688393,0.010700269779928384,53.43511129262337,0.2841121108312903,4.005247986610774,False
2026-09-18,86,0.2356164383561644,call,45.5,8.45,9.0,8.725,9.0,10238.0,0.0630372492836677,0.8493559876647915,53.90171477688393,0.010700269779928384,53.43511129262337,0.29257827073996046,4.653872707195912,False
2026-09-18,86,0.2356164383561644,call,46.0,7.95,8.65,8.3,1.0,3490.0,0.08433734939759037,0.8586895699468221,53.90171477688393,0.010700269779928384,53.43511129262337,0.29289273286923684,5.1210229647948555,False
2026-09-18,86,0.2356164383561644,call,46.5,7.55,8.0,7.775,28.0,7456.0,0.05787781350482317,0.8680231522288527,53.90171477688393,0.010700269779928384,53.43511129262337,0.27292685079922757,5.150704324278106,False
2026-09-18,86,0.2356164383561644,call,47.0,7.1,7.65,7.375,1.0,6466.0,0.07457627118644078,0.8773567345108835,53.90171477688393,0.010700269779928384,53.43511129262337,0.2760924885748255,5.71662110844699,False
2026-09-18,86,0.2356164383561644,call,47.5,6.7,7.2,6.95,12.0,19571.0,0.07194244604316546,0.8866903167929141,53.90171477688393,0.010700269779928384,53.43511129262337,0.2730957922415474,6.150344906892598,False
2026-09-18,86,0.2356164383561644,call,49.0,5.4,6.0,5.7,1.0,377.0,0.10526315789473678,0.9146910636390062,53.90171477688393,0.010700269779928384,53.43511129262337,0.26083921950244127,7.415389046634864,False
2026-09-18,86,0.2356164383561644,call,50.0,4.75,5.25,5.0,198.0,15869.0,0.1,0.9333582282030675,53.90171477688393,0.010700269779928384,53.43511129262337,0.2635245935444129,8.369656674807509,False
2026-09-18,86,0.2356164383561644,call,51.0,4.05,4.45,4.25,222.0,1179.0,0.09411764705882361,0.9520253927671288,53.90171477688393,0.010700269779928384,53.43511129262337,0.2543275735352695,9.085854540548675,False
2026-09-18,86,0.2356164383561644,call,52.5,3.25,3.45,3.35,43.0,6751.0,0.05970149253731349,0.9800261396132209,53.90171477688393,0.010700269779928384,53.43511129262337,0.25438505408455775,9.963282874179283,False
2026-09-18,86,0.2356164383561644,call,54.0,2.22,2.61,2.415,83.0,3352.0,0.16149068322981353,1.008026886459313,53.90171477688393,0.010700269779928384,53.43511129262337,0.23798138365497612,10.338481336243944,True
2026-09-18,86,0.2356164383561644,call,55.0,1.81,2.15,1.98,2066.0,4049.0,0.17171717171717166,1.0266940510233742,53.90171477688393,0.010700269779928384,53.43511129262337,0.23801878086770423,10.277233702330047,True
2026-09-18,86,0.2356164383561644,call,56.0,1.4,1.77,1.585,12.0,1931.0,0.23343848580441648,1.0453612155874357,53.90171477688393,0.010700269779928384,53.43511129262337,0.23600283268030184,9.960646201213555,True
2026-09-18,86,0.2356164383561644,call,57.5,1.0,1.28,1.1400000000000001,140.0,5270.0,0.24561403508771928,1.0733619624335275,53.90171477688393,0.010700269779928384,53.43511129262337,0.23720778278540952,9.114897940137876,True
2026-09-18,86,0.2356164383561644,call,59.0,0.64,0.91,0.775,176.0,3333.0,0.34838709677419355,1.1013627092796197,53.90171477688393,0.010700269779928384,53.43511129262337,0.23483351160697516,7.893339770230442,True
2026-09-18,86,0.2356164383561644,call,60.0,0.63,0.74,0.685,915.0,24052.0,0.1605839416058394,1.120029873843681,53.90171477688393,0.010700269779928384,53.43511129262337,0.2469147679878143,7.305901444337665,True
2026-09-18,86,0.2356164383561644,call,61.0,0.48,0.59,0.5349999999999999,56.0,13716.0,0.205607476635514,1.1386970384077424,53.90171477688393,0.010700269779928384,53.43511129262337,0.24721465007230242,6.458465869628126,True
2026-09-18,86,0.2356164383561644,call,62.5,0.34,0.44,0.39,26.0,24241.0,0.25641025641025633,1.1666977852538345,53.90171477688393,0.010700269779928384,53.43511129262337,0.2526755490873701,5.369763900660864,True
2026-09-18,86,0.2356164383561644,put,46.0,0.24,0.35,0.295,1.0,8667.0,0.37288135593220334,0.8586895699468221,53.90171477688393,0.010700269779928384,53.43511129262337,0.2563231420395477,4.237282039375792,True
2026-09-18,86,0.2356164383561644,put,46.5,0.31,0.42,0.365,1.0,7595.0,0.3013698630136986,0.8680231522288527,53.90171477688393,0.010700269779928384,53.43511129262337,0.2583831361433125,4.794255254743648,True
2026-09-18,86,0.2356164383561644,put,47.0,0.35,0.51,0.43,1.0,856.0,0.372093023255814,0.8773567345108835,53.90171477688393,0.010700269779928384,53.43511129262337,0.25737909538409975,5.285206760157474,True
2026-09-18,86,0.2356164383561644,put,49.0,0.69,0.96,0.825,320.0,25863.0,0.3272727272727273,0.9146910636390062,53.90171477688393,0.010700269779928384,53.43511129262337,0.2587147752784944,7.3810398491832085,True
2026-09-18,86,0.2356164383561644,put,50.0,0.89,1.05,0.97,4355.0,51264.0,0.16494845360824745,0.9333582282030675,53.90171477688393,0.010700269779928384,53.43511129262337,0.2438945510661613,8.13370646780588,True
2026-09-18,86,0.2356164383561644,put,51.0,1.18,1.54,1.3599999999999999,235.0,5786.0,0.2647058823529413,0.9520253927671288,53.90171477688393,0.010700269779928384,53.43511129262337,0.25285145380936425,9.075372322776092,True
2026-09-18,86,0.2356164383561644,put,54.0,2.37,2.61,2.49,73.0,7146.0,0.09638554216867459,1.008026886459313,53.90171477688393,0.010700269779928384,53.43511129262337,0.2358114231113163,10.33877061971138,False
2026-09-18,86,0.2356164383561644,put,55.0,2.94,3.2,3.0700000000000003,6.0,90080.0,0.0846905537459284,1.0266940510233742,53.90171477688393,0.010700269779928384,53.43511129262337,0.23813769824500708,10.277372953578139,False
2026-09-18,86,0.2356164383561644,put,56.0,3.5,3.85,3.675,6.0,2299.0,0.09523809523809526,1.0453612155874357,53.90171477688393,0.010700269779928384,53.43511129262337,0.23699438307760698,9.96513130987246,False
2026-09-18,86,0.2356164383561644,put,57.5,4.6,4.9,4.75,63.0,84087.0,0.06315789473684226,1.0733619624335275,53.90171477688393,0.010700269779928384,53.43511129262337,0.24189617884591152,9.169567418194648,False
2026-09-18,86,0.2356164383561644,put,59.0,5.7,6.25,5.975,5.0,4515.0,0.0920502092050209,1.1013627092796197,53.90171477688393,0.010700269779928384,53.43511129262337,0.25290155854344815,8.24052819993742,False
2026-09-18,86,0.2356164383561644,put,60.0,6.55,7.0,6.775,5.0,14147.0,0.06642066420664208,1.120029873843681,53.90171477688393,0.010700269779928384,53.43511129262337,0.25294876102894176,7.444261236219781,False
2026-09-18,86,0.2356164383561644,put,61.0,7.5,8.0,7.75,2.0,428.0,0.06451612903225806,1.1386970384077424,53.90171477688393,0.010700269779928384,53.43511129262337,0.2734253278482055,7.1134731558572355,False
2026-09-18,86,0.2356164383561644,put,62.5,8.8,9.3,9.05,25.0,3075.0,0.055248618784530384,1.1666977852538345,53.90171477688393,0.010700269779928384,53.43511129262337,0.2764794379258839,6.0519963346585675,False
2026-09-30,98,0.2684931506849315,call,43.0,10.6,11.5,11.05,1.0,21.0,0.08144796380090501,0.802688076254638,54.0191918416091,0.005799826583025022,53.48664467434449,0.2682234231959867,2.5582128352488867,False
2026-09-30,98,0.2684931506849315,call,44.0,13.45,15.4,14.425,4.0,34.0,0.13518197573656854,0.8213552408186994,54.0191918416091,0.005799826583025022,53.48664467434449,0.8641366745795533,8.76209013319197,False
2026-09-30,98,0.2684931506849315,call,44.5,9.25,10.05,9.65,1.0,88.0,0.08290155440414515,0.8306888231007301,54.0191918416091,0.005799826583025022,53.48664467434449,0.2613991143316155,3.595438873394241,False
2026-09-30,98,0.2684931506849315,call,45.0,11.7,14.1,12.899999999999999,4.0,60.0,0.18604651162790703,0.8400224053827607,54.0191918416091,0.005799826583025022,53.48664467434449,0.7585515197312682,8.885104013887837,False
2026-09-30,98,0.2684931506849315,call,45.5,8.4,9.05,8.725000000000001,1.0,6.0,0.07449856733524358,0.8493559876647915,54.0191918416091,0.005799826583025022,53.48664467434449,0.25367549548752727,4.317341593596344,False
2026-09-30,98,0.2684931506849315,call,46.0,11.45,13.5,12.475,4.0,50.0,0.1643286573146293,0.8586895699468221,54.0191918416091,0.005799826583025022,53.48664467434449,0.7763439652596285,9.231868160726416,False
2026-09-30,98,0.2684931506849315,call,46.5,7.55,8.4,7.975,12.0,16.0,0.10658307210031355,0.8680231522288527,54.0191918416091,0.005799826583025022,53.48664467434449,0.27459190927963456,5.874884474228578,False
2026-09-30,98,0.2684931506849315,call,47.0,6.6,7.8,7.199999999999999,3.0,46.0,0.1666666666666667,0.8773567345108835,54.0191918416091,0.005799826583025022,53.48664467434449,0.20821714733725047,4.480663927188016,False
2026-09-30,98,0.2684931506849315,call,47.5,6.7,7.3,7.0,1.0,934.0,0.08571428571428566,0.8866903167929141,54.0191918416091,0.005799826583025022,53.48664467434449,0.2495312973104248,6.308783719595486,False
2026-09-30,98,0.2684931506849315,call,48.0,6.3,6.85,6.574999999999999,2.0,4399.0,0.08365019011406842,0.8960238990749448,54.0191918416091,0.005799826583025022,53.48664467434449,0.2462321018764319,6.7750598795978005,False
2026-09-30,98,0.2684931506849315,call,48.5,5.95,6.6,6.275,1.0,38.0,0.10358565737051784,0.9053574813569755,54.0191918416091,0.005799826583025022,53.48664467434449,0.25875149954138027,7.56711863678459,False
2026-09-30,98,0.2684931506849315,call,49.0,5.4,6.2,5.800000000000001,1.0,99.0,0.13793103448275856,0.9146910636390062,54.0191918416091,0.005799826583025022,53.48664467434449,0.24618787636944522,7.846229901904713,False
2026-09-30,98,0.2684931506849315,call,49.5,4.85,5.9,5.375,4.0,145.0,0.19534883720930246,0.9240246459210368,54.0191918416091,0.005799826583025022,53.48664467434449,0.2394547037297784,8.244263347076313,False
2026-09-30,98,0.2684931506849315,call,50.0,4.7,5.25,4.975,1.0,2516.0,0.11055276381909546,0.9333582282030675,54.0191918416091,0.005799826583025022,53.48664467434449,0.23480739459969072,8.676434149629106,False
2026-09-30,98,0.2684931506849315,call,50.5,8.2,9.55,8.875,2.0,35.0,0.1521126760563382,0.9426918104850982,54.0191918416091,0.005799826583025022,53.48664467434449,0.6573734227620315,10.332409523571148,False
2026-09-30,98,0.2684931506849315,call,51.0,3.95,4.7,4.325,2.0,208.0,0.17341040462427745,0.9520253927671288,54.0191918416091,0.005799826583025022,53.48664467434449,0.23813977036698988,9.619061441306801,False
2026-09-30,98,0.2684931506849315,call,51.5,3.8,4.15,3.975,7.0,21.0,0.08805031446540894,0.9613589750491596,54.0191918416091,0.005799826583025022,53.48664467434449,0.2349359101010721,9.977622346720931,False
2026-09-30,98,0.2684931506849315,call,52.0,3.45,3.85,3.6500000000000004,3.0,102.0,0.10958904109589038,0.9706925573311902,54.0191918416091,0.005799826583025022,53.48664467434449,0.23292983033863063,10.302095461615629,False
2026-09-30,98,0.2684931506849315,call,52.5,3.0,3.65,3.325,1.0,37.0,0.19548872180451124,0.9800261396132209,54.0191918416091,0.005799826583025022,53.48664467434449,0.22959933964675225,10.572430844550885,False
2026-09-30,98,0.2684931506849315,call,55.0,2.05,2.31,2.1799999999999997,259.0,1787.0,0.11926605504587168,1.0266940510233742,54.0191918416091,0.005799826583025022,53.48664467434449,0.2365229641506402,11.016233242951104,True
2026-09-30,98,0.2684931506849315,call,57.5,1.02,1.47,1.245,22.0,3408.0,0.36144578313253006,1.0733619624335275,54.0191918416091,0.005799826583025022,53.48664467434449,0.22932505944991355,9.91852628088164,True
2026-09-30,98,0.2684931506849315,call,60.0,0.67,0.85,0.76,56.0,5236.0,0.2368421052631578,1.120029873843681,54.0191918416091,0.005799826583025022,53.48664467434449,0.23780158964306405,8.089210780619222,True
2026-09-30,98,0.2684931506849315,put,46.0,0.32,0.47,0.395,1.0,41.0,0.3797468354430379,0.8586895699468221,54.0191918416091,0.005799826583025022,53.48664467434449,0.26336795560556336,5.088762296125563,True
2026-09-30,98,0.2684931506849315,put,46.5,0.38,0.51,0.445,2.0,2.0,0.29213483146067415,0.8680231522288527,54.0191918416091,0.005799826583025022,53.48664467434449,0.25967071851485923,5.50333471382101,True
2026-09-30,98,0.2684931506849315,put,47.0,0.45,0.63,0.54,15.0,620.0,0.3333333333333333,0.8773567345108835,54.0191918416091,0.005799826583025022,53.48664467434449,0.26251588283263083,6.095654605227802,True
2026-09-30,98,0.2684931506849315,put,47.5,0.54,0.66,0.6000000000000001,10.0,63.0,0.19999999999999996,0.8866903167929141,54.0191918416091,0.005799826583025022,53.48664467434449,0.25809553325360646,6.514838377669341,True
2026-09-30,98,0.2684931506849315,put,48.5,1.11,1.56,1.335,5.0,8.0,0.33707865168539325,0.9053574813569755,54.0191918416091,0.005799826583025022,53.48664467434449,0.3237503154340599,8.493047832939853,True
2026-09-30,98,0.2684931506849315,put,49.0,0.8,0.99,0.895,1.0,244.0,0.21229050279329603,0.9146910636390062,54.0191918416091,0.005799826583025022,53.48664467434449,0.25435857295504966,7.991408426712372,True
2026-09-30,98,0.2684931506849315,put,49.5,0.83,1.24,1.035,1.0,30.0,0.39613526570048313,0.9240246459210368,54.0191918416091,0.005799826583025022,53.48664467434449,0.25553473228127305,8.494920717339005,True
2026-09-30,98,0.2684931506849315,put,50.0,1.02,1.45,1.2349999999999999,50.0,260.0,0.3481781376518219,0.9333582282030675,54.0191918416091,0.005799826583025022,53.48664467434449,0.2618532298386589,9.02243936093783,True
2026-09-30,98,0.2684931506849315,put,50.5,1.06,1.47,1.2650000000000001,1.0,217.0,0.3241106719367588,0.9426918104850982,54.0191918416091,0.005799826583025022,53.48664467434449,0.24809352067624826,9.299626124260195,True
2026-09-30,98,0.2684931506849315,put,51.0,1.32,1.63,1.475,1.0,222.0,0.2101694915254236,0.9520253927671288,54.0191918416091,0.005799826583025022,53.48664467434449,0.25254672491836117,9.733260715920675,True
2026-09-30,98,0.2684931506849315,put,51.5,1.5,1.8,1.65,11.0,520.0,0.18181818181818185,0.9613589750491596,54.0191918416091,0.005799826583025022,53.48664467434449,0.2518244017786866,10.07487180440126,True
2026-09-30,98,0.2684931506849315,put,52.0,1.7,2.09,1.895,1.0,712.0,0.20580474934036935,0.9706925573311902,54.0191918416091,0.005799826583025022,53.48664467434449,0.2565380483601204,10.38856561972765,True
2026-09-30,98,0.2684931506849315,put,52.5,1.81,2.41,2.1100000000000003,15.0,360.0,0.2843601895734597,0.9800261396132209,54.0191918416091,0.005799826583025022,53.48664467434449,0.25687746320433974,10.628992986043999,True
2026-09-30,98,0.2684931506849315,put,55.0,3.25,3.7,3.475,1.0,551.0,0.1294964028776979,1.0266940510233742,54.0191918416091,0.005799826583025022,53.48664467434449,0.2658936466251157,11.03557615306438,False
2026-09-30,98,0.2684931506849315,put,57.5,4.6,5.25,4.925,2.0,27.0,0.13197969543147217,1.0733619624335275,54.0191918416091,0.005799826583025022,53.48664467434449,0.2525740148085446,10.158174464345022,False
2026-09-30,98,0.2684931506849315,put,60.0,6.7,7.1,6.9,1.0,185.0,0.05797101449275354,1.120029873843681,54.0191918416091,0.005799826583025022,53.48664467434449,0.2638219888383186,8.655418178949956,False
2026-10-16,114,0.31232876712328766,call,45.0,8.45,9.8,9.125,1.0,7.0,0.14794520547945222,0.8400224053827607,53.763393290489695,0.025362128787972178,53.147330714164504,0.2760863973880619,5.5590159965410555,False
2026-10-16,114,0.31232876712328766,call,46.0,8.1,8.75,8.425,23.0,20.0,0.07715133531157274,0.8586895699468221,53.763393290489695,0.025362128787972178,53.147330714164504,0.29563646383999853,6.996567665020593,False
2026-10-16,114,0.31232876712328766,call,47.0,6.95,7.85,7.4,28.0,28.0,0.12162162162162155,0.8773567345108835,53.763393290489695,0.025362128787972178,53.147330714164504,0.26318308921304623,7.2760449457790175,False
2026-10-16,114,0.31232876712328766,call,48.0,6.45,7.05,6.75,,4.0,0.08888888888888884,0.8960238990749448,53.763393290489695,0.025362128787972178,53.147330714164504,0.27741367690955815,8.543026142773892,False
2026-10-16,114,0.31232876712328766,call,49.0,5.7,6.3,6.0,,5.0,0.09999999999999994,0.9146910636390062,53.763393290489695,0.025362128787972178,53.147330714164504,0.2734837194481707,9.381643106249374,False
2026-10-16,114,0.31232876712328766,call,50.0,4.85,5.4,5.125,8.0,61.0,0.10731707317073184,0.9333582282030675,53.763393290489695,0.025362128787972178,53.147330714164504,0.25325344793650323,9.99456466950699,False
2026-10-16,114,0.31232876712328766,call,51.0,4.25,4.8,4.525,2.0,4.0,0.1215469613259668,0.9520253927671288,53.763393290489695,0.025362128787972178,53.147330714164504,0.2567394101971755,10.758529995061632,False
2026-10-16,114,0.31232876712328766,call,52.0,3.7,4.05,3.875,10.0,32.0,0.0903225806451612,0.9706925573311902,53.763393290489695,0.025362128787972178,53.147330714164504,0.2508492640418898,11.300582531084101,False
2026-10-16,114,0.31232876712328766,call,53.0,3.1,3.45,3.2750000000000004,18.0,1492.0,0.1068702290076336,0.9893597218952516,53.763393290489695,0.025362128787972178,53.147330714164504,0.2451504384506861,11.67366380122001,False
2026-10-16,114,0.31232876712328766,call,54.0,2.49,2.94,2.715,1.0,54.0,0.16574585635359107,1.008026886459313,53.763393290489695,0.025362128787972178,53.147330714164504,0.23851700283763108,11.842702260292073,True
2026-10-16,114,0.31232876712328766,call,55.0,2.1,2.48,2.29,9.0,97.0,0.1659388646288209,1.0266940510233742,53.763393290489695,0.025362128787972178,53.147330714164504,0.2387828710359173,11.785909739709776,True
2026-10-16,114,0.31232876712328766,call,56.0,1.84,2.08,1.96,9.0,717.0,0.12244897959183673,1.0453612155874357,53.763393290489695,0.025362128787972178,53.147330714164504,0.24277175866313078,11.533253587522704,True
2026-10-16,114,0.31232876712328766,call,57.0,1.5,1.74,1.62,3.0,85.0,0.14814814814814814,1.064028380151497,53.763393290489695,0.025362128787972178,53.147330714164504,0.24174077433346622,11.085201467910021,True
2026-10-16,114,0.31232876712328766,call,58.0,1.07,1.45,1.26,18.0,169.0,0.3015873015873015,1.0826955447155584,53.763393290489695,0.025362128787972178,53.147330714164504,0.23435938779484006,10.385087207699177,True
2026-10-16,114,0.31232876712328766,call,59.0,0.84,1.19,1.015,10.0,4246.0,0.3448275862068966,1.1013627092796197,53.763393290489695,0.025362128787972178,53.147330714164504,0.23345020782304032,9.610607840428692,True
2026-10-16,114,0.31232876712328766,call,60.0,0.83,0.98,0.905,99.0,3501.0,0.16574585635359118,1.120029873843681,53.763393290489695,0.025362128787972178,53.147330714164504,0.24331000632434202,9.017004060591136,True
2026-10-16,114,0.31232876712328766,call,61.0,0.64,0.84,0.74,1.0,205.0,0.27027027027027023,1.1386970384077424,53.763393290489695,0.025362128787972178,53.147330714164504,0.24425744943772845,8.208700614871017,True
2026-10-16,114,0.31232876712328766,call,62.0,0.55,0.68,0.615,6.0,71.0,0.21138211382113822,1.1573642029718036,53.763393290489695,0.025362128787972178,53.147330714164504,0.24690801926656405,7.445620579289641,True
2026-10-16,114,0.31232876712328766,call,63.0,0.44,0.6,0.52,1.0,36.0,0.30769230769230765,1.1760313675358651,53.763393290489695,0.025362128787972178,53.147330714164504,0.2509060281212746,6.752493431953639,True
2026-10-16,114,0.31232876712328766,call,64.0,0.36,0.48,0.42,4.0,123.0,0.2857142857142857,1.1946985320999264,53.763393290489695,0.025362128787972178,53.147330714164504,0.25145712255784136,5.97669509643886,True
2026-10-16,114,0.31232876712328766,put,45.0,0.34,0.5,0.42000000000000004,6.0,464.0,0.3809523809523809,0.8400224053827607,53.763393290489695,0.025362128787972178,53.147330714164504,0.2683821353152754,5.3487467217998335,True
2026-10-16,114,0.31232876712328766,put,46.0,0.44,0.62,0.53,5.0,20.0,0.33962264150943394,0.8586895699468221,53.763393290489695,0.025362128787972178,53.147330714164504,0.26230795689899244,6.207459828756816,True
2026-10-16,114,0.31232876712328766,put,47.0,0.58,0.77,0.675,7.0,14.0,0.28148148148148155,0.8773567345108835,53.763393290489695,0.025362128787972178,53.147330714164504,0.25776127382172254,7.148754147114558,True
2026-10-16,114,0.31232876712328766,put,48.0,0.74,0.95,0.845,6.0,31.0,0.24852071005917156,0.8960238990749448,53.763393290489695,0.025362128787972178,53.147330714164504,0.2524662280807789,8.086215463956307,True
2026-10-16,114,0.31232876712328766,put,49.0,0.88,1.34,1.11,86.0,3.0,0.41441441441441446,0.9146910636390062,53.763393290489695,0.025362128787972178,53.147330714164504,0.25389882920315465,9.112453975740264,True
2026-10-16,114,0.31232876712328766,put,50.0,1.24,1.44,1.3399999999999999,93.0,157.0,0.14925373134328357,0.9333582282030675,53.763393290489695,0.025362128787972178,53.147330714164504,0.24675483617487082,9.925957574767502,True
2026-10-16,114,0.31232876712328766,put,51.0,1.55,1.77,1.6600000000000001,165.0,2.0,0.1325301204819277,0.9520253927671288,53.763393290489695,0.025362128787972178,53.147330714164504,0.24431072042308302,10.685488896593235,True
2026-10-16,114,0.31232876712328766,put,52.0,1.92,2.31,2.115,182.0,43.0,0.18439716312056742,0.9706925573311902,53.763393290489695,0.025362128787972178,53.147330714164504,0.24936123201259064,11.297084020271294,True
2026-10-16,114,0.31232876712328766,put,53.0,2.36,2.78,2.57,70.0,162.0,0.16342412451361865,0.9893597218952516,53.763393290489695,0.025362128787972178,53.147330714164504,0.2494030159468301,11.674855604975377,True
2026-10-16,114,0.31232876712328766,put,54.0,2.83,3.15,2.99,2.0,2694.0,0.1070234113712374,1.008026886459313,53.763393290489695,0.025362128787972178,53.147330714164504,0.2419879613671212,11.842114180019193,False
2026-10-16,114,0.31232876712328766,put,55.0,3.35,3.8,3.575,4.0,9408.0,0.1258741258741258,1.0266940510233742,53.763393290489695,0.025362128787972178,53.147330714164504,0.24408977213908475,11.792092349484003,False
2026-10-16,114,0.31232876712328766,put,56.0,3.9,4.35,4.125,13.0,41.0,0.10909090909090903,1.0453612155874357,53.763393290489695,0.025362128787972178,53.147330714164504,0.23878234841591833,11.51659558998043,False
2026-10-16,114,0.31232876712328766,put,57.0,4.6,5.2,4.9,4.0,1551.0,0.12244897959183683,1.064028380151497,53.763393290489695,0.025362128787972178,53.147330714164504,0.24898173125072987,11.143298464513224,False
2026-10-16,114,0.31232876712328766,put,58.0,5.25,5.8,5.525,1.0,73.0,0.09954751131221716,1.0826955447155584,53.763393290489695,0.025362128787972178,53.147330714164504,0.2417307348762543,10.488768226920204,False
2026-10-16,114,0.31232876712328766,put,59.0,6.0,6.8,6.4,2.0,26.0,0.12499999999999997,1.1013627092796197,53.763393290489695,0.025362128787972178,53.147330714164504,0.25468329357111896,10.004257756746474,False
2026-10-16,114,0.31232876712328766,put,60.0,6.75,7.5,7.125,2.0,52.0,0.10526315789473684,1.120029873843681,53.763393290489695,0.025362128787972178,53.147330714164504,0.24934625631912855,9.157525499960547,False
2026-10-16,114,0.31232876712328766,put,61.0,7.45,8.5,7.975,,2.0,0.13166144200626959,1.1386970384077424,53.763393290489695,0.025362128787972178,53.147330714164504,0.2540027169751395,8.475750726303163,False
2026-10-16,114,0.31232876712328766,put,62.0,8.5,9.2,8.85,2.0,2.0,0.07909604519774004,1.1573642029718036,53.763393290489695,0.025362128787972178,53.147330714164504,0.259060580401464,7.816752120093608,False
2026-10-16,114,0.31232876712328766,put,64.0,10.2,11.5,10.85,,10.0,0.11981566820276504,1.1946985320999264,53.763393290489695,0.025362128787972178,53.147330714164504,0.2975351976308167,7.438327748047249,False
2026-12-18,177,0.4849315068493151,call,43.0,13.5,16.35,14.925,1.0,788.0,0.1909547738693468,0.802688076254638,54.05580065877403,0.018283651171230778,53.09713041734097,0.6425788532456237,11.258597070836291,False
2026-12-18,177,0.4849315068493151,call,43.5,13.0,15.85,14.425,1.0,81.0,0.19757365684575387,0.8120216585366687,54.05580065877403,0.018283651171230778,53.09713041734097,0.6249845256623412,11.409111214486414,False
2026-12-18,177,0.4849315068493151,call,44.5,14.0,14.75,14.375,6.0,92.0,0.05217391304347826,0.8306888231007301,54.05580065877403,0.018283651171230778,53.09713041734097,0.6704197678803905,11.941193748812253,False
2026-12-18,177,0.4849315068493151,call,45.0,8.3,10.2,9.25,4.0,7303.0,0.20540540540540525,0.8400224053827607,54.05580065877403,0.018283651171230778,53.09713041734097,0.20998458082476054,6.11549205435779,False
2026-12-18,177,0.4849315068493151,call,46.5,8.05,8.9,8.475000000000001,1.0,8114.0,0.1002949852507374,0.8680231522288527,54.05580065877403,0.018283651171230778,53.09713041734097,0.26435772117803663,9.750580377318615,False
2026-12-18,177,0.4849315068493151,call,47.0,7.7,8.55,8.125,20.0,11957.0,0.10461538461538468,0.8773567345108835,54.05580065877403,0.018283651171230778,53.09713041734097,0.26647521299167676,10.308870971691338,False
2026-12-18,177,0.4849315068493151,call,47.5,7.3,8.0,7.65,1.0,14565.0,0.09150326797385623,0.8866903167929141,54.05580065877403,0.018283651171230778,53.09713041734097,0.25587923257068884,10.585353282541515,False
2026-12-18,177,0.4849315068493151,call,49.0,6.25,6.95,6.6,11.0,61.0,0.10606060606060609,0.9146910636390062,54.05580065877403,0.018283651171230778,53.09713041734097,0.2553330024165604,12.010255815772258,False
2026-12-18,177,0.4849315068493151,call,50.0,5.6,6.2,5.9,1.0,2242.0,0.10169491525423738,0.9333582282030675,54.05580065877403,0.018283651171230778,53.09713041734097,0.25112051518175355,12.79470765103696,False
2026-12-18,177,0.4849315068493151,call,51.0,5.1,5.6,5.35,3.0,188.0,0.09345794392523366,0.9520253927671288,54.05580065877403,0.018283651171230778,53.09713041734097,0.25537850631023873,13.527529978094774,False
2026-12-18,177,0.4849315068493151,call,52.5,4.25,4.65,4.45,11.0,2108.0,0.08988764044943828,0.9800261396132209,54.05580065877403,0.018283651171230778,53.09713041734097,0.25034867122424453,14.280272695702639,False
2026-12-18,177,0.4849315068493151,call,54.0,3.45,3.9,3.675,3.0,199.0,0.12244897959183666,1.008026886459313,54.05580065877403,0.018283651171230778,53.09713041734097,0.247707895241985,14.688381909506477,False
2026-12-18,177,0.4849315068493151,call,55.0,3.05,3.4,3.2249999999999996,35.0,3971.0,0.10852713178294578,1.0266940510233742,54.05580065877403,0.018283651171230778,53.09713041734097,0.24695904469761987,14.749400605793303,True
2026-12-18,177,0.4849315068493151,call,56.0,2.68,3.0,2.84,16.0,569.0,0.11267605633802812,1.0453612155874357,54.05580065877403,0.018283651171230778,53.09713041734097,0.24786825211983535,14.647950026745317,True
2026-12-18,177,0.4849315068493151,call,57.5,2.17,2.39,2.2800000000000002,5.0,6161.0,0.09649122807017552,1.0733619624335275,54.05580065877403,0.018283651171230778,53.09713041734097,0.24543397870183345,14.199941765430438,True
2026-12-18,177,0.4849315068493151,call,59.0,1.65,1.92,1.785,6.0,1246.0,0.1512605042016807,1.1013627092796197,54.05580065877403,0.018283651171230778,53.09713041734097,0.24158271939961834,13.412780801012067,True
2026-12-18,177,0.4849315068493151,call,60.0,1.45,1.69,1.5699999999999998,320.0,20289.0,0.15286624203821658,1.120029873843681,54.05580065877403,0.018283651171230778,53.09713041734097,0.24446820869261554,12.833692325508123,True
2026-12-18,177,0.4849315068493151,call,61.0,1.21,1.45,1.33,2.0,784.0,0.18045112781954886,1.1386970384077424,54.05580065877403,0.018283651171230778,53.09713041734097,0.24312269763537964,12.101944771519205,True
2026-12-18,177,0.4849315068493151,call,62.5,0.96,1.18,1.0699999999999998,76.0,14167.0,0.205607476635514,1.1666977852538345,54.05580065877403,0.018283651171230778,53.09713041734097,0.2452358610188506,11.012541292191237,True
2026-12-18,177,0.4849315068493151,call,64.0,0.69,0.95,0.82,10.0,870.0,0.3170731707317073,1.1946985320999264,54.05580065877403,0.018283651171230778,53.09713041734097,0.24341996802766175,9.737116660025505,True
2026-12-18,177,0.4849315068493151,put,44.0,0.43,0.68,0.555,8.0,7633.0,0.4504504504504505,0.8213552408186994,54.05580065877403,0.018283651171230778,53.09713041734097,0.26048721688560283,6.962413839237722,True
2026-12-18,177,0.4849315068493151,put,44.5,0.6,0.73,0.665,2699.0,16261.0,0.19548872180451127,0.8306888231007301,54.05580065877403,0.018283651171230778,53.09713041734097,0.2649204849283551,7.643540915828277,True
2026-12-18,177,0.4849315068493151,put,45.0,0.65,0.8,0.7250000000000001,1.0,63361.0,0.20689655172413793,0.8400224053827607,54.05580065877403,0.018283651171230778,53.09713041734097,0.26168374242180026,8.079148788906137,True
2026-12-18,177,0.4849315068493151,put,45.5,0.72,0.96,0.84,1.0,10190.0,0.2857142857142857,0.8493559876647915,54.05580065877403,0.018283651171230778,53.09713041734097,0.26429083600832126,8.694384826408795,True
2026-12-18,177,0.4849315068493151,put,46.0,0.71,1.05,0.88,2.0,840.0,0.38636363636363646,0.8586895699468221,54.05580065877403,0.018283651171230778,53.09713041734097,0.257500241722989,9.039882483946078,True
2026-12-18,177,0.4849315068493151,put,46.5,0.9,1.05,0.9750000000000001,1.0,10884.0,0.15384615384615385,0.8680231522288527,54.05580065877403,0.018283651171230778,53.09713041734097,0.25625358055453146,9.545719068224107,True
2026-12-18,177,0.4849315068493151,put,47.0,0.92,1.16,1.04,45.0,2602.0,0.23076923076923064,0.8773567345108835,54.05580065877403,0.018283651171230778,53.09713041734097,0.2512488376843207,9.954342268845634,True
2026-12-18,177,0.4849315068493151,put,47.5,1.1,1.25,1.175,299.0,12482.0,0.127659574468085,0.8866903167929141,54.05580065877403,0.018283651171230778,53.09713041734097,0.25251723635402157,10.512016801898017,True
2026-12-18,177,0.4849315068493151,put,49.0,1.49,1.66,1.575,1.0,508.0,0.1079365079365079,0.9146910636390062,54.05580065877403,0.018283651171230778,53.09713041734097,0.25041761972793253,11.939665896832,True
2026-12-18,177,0.4849315068493151,put,54.0,3.4,3.75,3.575,1.0,2480.0,0.09790209790209792,1.008026886459313,54.05580065877403,0.018283651171230778,53.09713041734097,0.24463152590593798,14.689723858517983,True
2026-12-18,177,0.4849315068493151,put,55.0,3.85,4.25,4.05,1.0,26650.0,0.09876543209876541,1.0266940510233742,54.05580065877403,0.018283651171230778,53.09713041734097,0.24001241613857116,14.74803437028322,False
2026-12-18,177,0.4849315068493151,put,56.0,4.5,5.1,4.8,2.0,188.0,0.12499999999999993,1.0453612155874357,54.05580065877403,0.018283651171230778,53.09713041734097,0.2513000575610126,14.654756173873324,False
2026-12-18,177,0.4849315068493151,put,57.5,5.5,5.85,5.675,3.0,18860.0,0.061674008810572625,1.0733619624335275,54.05580065877403,0.018283651171230778,53.09713041734097,0.2462706334086573,14.205879046456825,False
2026-12-18,177,0.4849315068493151,put,59.0,6.55,7.05,6.8,2.0,72.0,0.07352941176470588,1.1013627092796197,54.05580065877403,0.018283651171230778,53.09713041734097,0.2533267878225039,13.573400815702554,False
2026-12-18,177,0.4849315068493151,put,60.0,7.2,7.7,7.45,10.0,16782.0,0.06711409395973154,1.120029873843681,54.05580065877403,0.018283651171230778,53.09713041734097,0.2476724236688972,12.894560900901876,False
2026-12-18,177,0.4849315068493151,put,61.0,7.95,8.7,8.325,154.0,157.0,0.09009009009008999,1.1386970384077424,54.05580065877403,0.018283651171230778,53.09713041734097,0.25729903682490396,12.431565959041492,False
2026-12-18,177,0.4849315068493151,put,62.5,9.15,9.9,9.525,14.0,6010.0,0.07874015748031496,1.1666977852538345,54.05580065877403,0.018283651171230778,53.09713041734097,0.25953037480541774,11.44200003252232,False
2026-12-18,177,0.4849315068493151,put,64.0,10.45,11.3,10.875,10.0,6.0,0.07816091954023001,1.1946985320999264,54.05580065877403,0.018283651171230778,53.09713041734097,0.27143986396509817,10.721240761733384,False
2026-12-31,190,0.5205479452054794,call,44.0,12.95,15.35,14.149999999999999,,1.0,0.16961130742049474,0.8213552408186994,54.76347554085909,-0.005428977995372494,53.721604956308525,0.5621407518718738,11.738797156015455,False
2026-12-31,190,0.5205479452054794,call,44.5,9.4,10.75,10.075,1.0,1.0,0.13399503722084366,0.8306888231007301,54.76347554085909,-0.005428977995372494,53.721604956308525,0.11286364451226295,0.541239957730773,False
2026-12-31,190,0.5205479452054794,call,45.0,9.05,10.4,9.725000000000001,1.0,104.0,0.1388174807197943,0.8400224053827607,54.76347554085909,-0.005428977995372494,53.721604956308525,0.17226600042279572,4.016101493292478,False
2026-12-31,190,0.5205479452054794,call,45.5,14.1,15.45,14.774999999999999,15.0,107.0,0.0913705583756345,0.8493559876647915,54.76347554085909,-0.005428977995372494,53.721604956308525,0.683572800366552,12.74055099039106,False
2026-12-31,190,0.5205479452054794,call,46.0,8.4,9.35,8.875,4.0,6.0,0.10704225352112669,0.8586895699468221,54.76347554085909,-0.005428977995372494,53.721604956308525,0.182241158927931,5.868623436186553,False
2026-12-31,190,0.5205479452054794,call,46.5,7.85,9.35,8.6,1.0,1.0,0.1744186046511628,0.8680231522288527,54.76347554085909,-0.005428977995372494,53.721604956308525,0.20474838616781635,7.697508444850611,False
2026-12-31,190,0.5205479452054794,call,47.0,7.7,8.7,8.2,1.0,16.0,0.12195121951219502,0.8773567345108835,54.76347554085909,-0.005428977995372494,53.721604956308525,0.20621414750072367,8.426124299805979,False
2026-12-31,190,0.5205479452054794,call,48.0,7.0,8.05,7.525,5.0,29034.0,0.13953488372093031,0.8960238990749448,54.76347554085909,-0.005428977995372494,53.721604956308525,0.21831045508211255,10.167631450083382,False
2026-12-31,190,0.5205479452054794,call,48.5,10.55,11.95,11.25,1.0,38.0,0.12444444444444432,0.9053574813569755,54.76347554085909,-0.005428977995372494,53.721604956308525,0.5387599761370667,13.599118720018135,False
2026-12-31,190,0.5205479452054794,call,49.0,11.3,12.5,11.9,1.0,49.0,0.10084033613445371,0.9146910636390062,54.76347554085909,-0.005428977995372494,53.721604956308525,0.6050890166811095,13.826305544329736,False
2026-12-31,190,0.5205479452054794,call,49.5,6.15,6.7,6.425000000000001,10.0,56.0,0.08560311284046689,0.9240246459210368,54.76347554085909,-0.005428977995372494,53.721604956308525,0.2179990169642703,11.9226105961371,False
2026-12-31,190,0.5205479452054794,call,50.0,5.65,6.5,6.075,1.0,328.0,0.13991769547325097,0.9333582282030675,54.76347554085909,-0.005428977995372494,53.721604956308525,0.21756466892965282,12.45120169307784,False
2026-12-31,190,0.5205479452054794,call,50.5,9.05,10.4,9.725000000000001,3.0,60.0,0.1388174807197943,0.9426918104850982,54.76347554085909,-0.005428977995372494,53.721604956308525,0.5041997791515646,14.247093396600375,False
2026-12-31,190,0.5205479452054794,call,51.0,8.7,10.0,9.35,14.0,126.0,0.1390374331550803,0.9520253927671288,54.76347554085909,-0.005428977995372494,53.721604956308525,0.4955593832283664,14.397217360610036,False
2026-12-31,190,0.5205479452054794,call,51.5,4.85,5.35,5.1,20.0,22.0,0.09803921568627452,0.9613589750491596,54.76347554085909,-0.005428977995372494,53.721604956308525,0.21703663405787396,13.841561501742351,False
2026-12-31,190,0.5205479452054794,call,52.0,4.6,5.05,4.824999999999999,2.0,3232.0,0.09326424870466327,0.9706925573311902,54.76347554085909,-0.005428977995372494,53.721604956308525,0.21878771512413772,14.234027101428635,False
2026-12-31,190,0.5205479452054794,call,52.5,4.3,4.75,4.525,1.0,54.0,0.09944751381215473,0.9800261396132209,54.76347554085909,-0.005428977995372494,53.721604956308525,0.21794301807642943,14.559075802100194,False
2026-12-31,190,0.5205479452054794,call,53.0,3.85,4.5,4.175,5.0,244.0,0.155688622754491,0.9893597218952516,54.76347554085909,-0.005428977995372494,53.721604956308525,0.2129773788510686,14.826793431336,False
2026-12-31,190,0.5205479452054794,call,55.0,3.05,3.5,3.275,4.0,1298.0,0.13740458015267182,1.0266940510233742,54.76347554085909,-0.005428977995372494,53.721604956308525,0.2189744133775527,15.44218184252213,True
2026-12-31,190,0.5205479452054794,call,60.0,1.3,1.85,1.5750000000000002,5.0,3608.0,0.3492063492063492,1.120029873843681,54.76347554085909,-0.005428977995372494,53.721604956308525,0.2207922683739264,13.689253402608514,True
2026-12-31,190,0.5205479452054794,put,43.0,0.49,0.66,0.575,5.0,2.0,0.29565217391304355,0.802688076254638,54.76347554085909,-0.005428977995372494,53.721604956308525,0.2850507001590593,6.827437054009543,True
2026-12-31,190,0.5205479452054794,put,44.0,0.62,0.91,0.765,1.0,42.0,0.3790849673202615,0.8213552408186994,54.76347554085909,-0.005428977995372494,53.721604956308525,0.289887546323026,7.9740103005919964,True
2026-12-31,190,0.5205479452054794,put,45.0,0.7,0.98,0.84,5.0,274.0,0.33333333333333337,0.8400224053827607,54.76347554085909,-0.005428977995372494,53.721604956308525,0.2775150913570007,8.622349447537164,True
2026-12-31,190,0.5205479452054794,put,45.5,0.78,1.12,0.9500000000000001,4.0,9.0,0.3578947368421053,0.8493559876647915,54.76347554085909,-0.005428977995372494,53.721604956308525,0.2789820738067956,9.17902829177298,True
2026-12-31,190,0.5205479452054794,put,46.0,0.89,1.13,1.01,2.0,49.0,0.2376237623762375,0.8586895699468221,54.76347554085909,-0.005428977995372494,53.721604956308525,0.2743129878074558,9.56570571472014,True
2026-12-31,190,0.5205479452054794,put,46.5,1.0,1.21,1.105,2.0,9.0,0.19004524886877824,0.8680231522288527,54.76347554085909,-0.005428977995372494,53.721604956308525,0.2727751736297303,10.038426660754272,True
2026-12-31,190,0.5205479452054794,put,47.0,1.13,1.35,1.24,1.0,145.0,0.17741935483870983,0.8773567345108835,54.76347554085909,-0.005428977995372494,53.721604956308525,0.2743989129981866,10.579957187219764,True
2026-12-31,190,0.5205479452054794,put,47.5,1.12,1.52,1.32,19.0,75.0,0.3030303030303029,0.8866903167929141,54.76347554085909,-0.005428977995372494,53.721604956308525,0.27013120009717256,10.979436088265157,True
2026-12-31,190,0.5205479452054794,put,48.0,1.35,1.63,1.49,225.0,237.0,0.1879194630872482,0.8960238990749448,54.76347554085909,-0.005428977995372494,53.721604956308525,0.2732992369123974,11.521361521371885,True
2026-12-31,190,0.5205479452054794,put,48.5,1.47,1.74,1.605,2.0,821.0,0.16822429906542058,0.9053574813569755,54.76347554085909,-0.005428977995372494,53.721604956308525,0.2708829465606732,11.93915443034362,True
2026-12-31,190,0.5205479452054794,put,49.0,1.41,2.0,1.705,1.0,15.0,0.3460410557184751,0.9146910636390062,54.76347554085909,-0.005428977995372494,53.721604956308525,0.26669036659794193,12.319776047417424,True
2026-12-31,190,0.5205479452054794,put,49.5,1.76,2.15,1.955,2.0,3.0,0.19948849104859329,0.9240246459210368,54.76347554085909,-0.005428977995372494,53.721604956308525,0.2737926435186526,12.835253643827294,True
2026-12-31,190,0.5205479452054794,put,50.0,1.77,2.22,1.995,3.0,692.0,0.22556390977443616,0.9333582282030675,54.76347554085909,-0.005428977995372494,53.721604956308525,0.26382336709813237,13.119910634794286,True
2026-12-31,190,0.5205479452054794,put,50.5,2.1,2.48,2.29,3.0,42.0,0.1659388646288209,0.9426918104850982,54.76347554085909,-0.005428977995372494,53.721604956308525,0.2725470309611346,13.573744631956057,True
2026-12-31,190,0.5205479452054794,put,51.0,1.62,2.12,1.87,3.0,31.0,0.267379679144385,0.9520253927671288,54.76347554085909,-0.005428977995372494,53.721604956308525,0.22819399817952501,13.544058594378729,True
2026-12-31,190,0.5205479452054794,put,51.5,2.28,2.86,2.57,1.0,16.0,0.2256809338521401,0.9613589750491596,54.76347554085909,-0.005428977995372494,53.721604956308525,0.2649054349962251,14.175020445767872,True
2026-12-31,190,0.5205479452054794,put,52.0,2.49,3.1,2.795,3.0,20.0,0.21824686940966007,0.9706925573311902,54.76347554085909,-0.005428977995372494,53.721604956308525,0.2662014432841227,14.463052277953024,True
2026-12-31,190,0.5205479452054794,put,52.5,2.75,3.25,3.0,1.0,224.0,0.16666666666666666,0.9800261396132209,54.76347554085909,-0.005428977995372494,53.721604956308525,0.2654351046814064,14.709012020211365,True
2026-12-31,190,0.5205479452054794,put,53.0,3.05,3.5,3.275,40.0,75.0,0.13740458015267182,0.9893597218952516,54.76347554085909,-0.005428977995372494,53.721604956308525,0.2687359543182653,14.926317036870264,True
2026-12-31,190,0.5205479452054794,put,55.0,4.0,4.6,4.3,16.0,77.0,0.13953488372093015,1.0266940510233742,54.76347554085909,-0.005428977995372494,53.721604956308525,0.2703625844422776,15.418909121091621,False
2026-12-31,190,0.5205479452054794,put,60.0,7.3,7.95,7.625,22.0,133.0,0.08524590163934431,1.120029873843681,54.76347554085909,-0.005428977995372494,53.721604956308525,0.28512117741716897,14.589111746615496,False
2027-01-15,205,0.5616438356164384,call,43.0,11.05,11.9,11.475000000000001,40.0,7708.0,0.07407407407407403,0.802688076254638,54.05023054468254,0.021009849713957505,52.94158583182044,0.27482787198189923,7.580600989873443,False
2027-01-15,205,0.5616438356164384,call,43.5,10.6,11.35,10.975,1.0,296.0,0.0683371298405467,0.8120216585366687,54.05023054468254,0.021009849713957505,52.94158583182044,0.2633959983958623,7.7157774774191035,False
2027-01-15,205,0.5616438356164384,call,44.0,10.3,11.05,10.675,94.0,1505.0,0.0702576112412178,0.8213552408186994,54.05023054468254,0.021009849713957505,52.94158583182044,0.27623616285583347,8.66961727394774,False
2027-01-15,205,0.5616438356164384,call,44.5,14.45,15.0,14.725,5.0,56.0,0.03735144312393893,0.8306888231007301,54.05023054468254,0.021009849713957505,52.94158583182044,0.6536693547356417,12.882101416690256,False
2027-01-15,205,0.5616438356164384,call,45.0,9.55,10.1,9.825,20.0,22071.0,0.055979643765903205,0.8400224053827607,54.05023054468254,0.021009849713957505,52.94158583182044,0.26914665739682714,9.510575154437849,False
2027-01-15,205,0.5616438356164384,call,45.5,9.1,9.75,9.425,100.0,652.0,0.06896551724137934,0.8493559876647915,54.05023054468254,0.021009849713957505,52.94158583182044,0.26746349324009266,9.99075977877011,False
2027-01-15,205,0.5616438356164384,call,46.0,8.75,9.5,9.125,1.0,405.0,0.0821917808219178,0.8586895699468221,54.05023054468254,0.021009849713957505,52.94158583182044,0.274633964349649,10.685504096316489,False
2027-01-15,205,0.5616438356164384,call,46.5,8.4,8.9,8.65,1.0,237.0,0.057803468208092484,0.8680231522288527,54.05023054468254,0.021009849713957505,52.94158583182044,0.26461880412843725,10.955503209030066,False
2027-01-15,205,0.5616438356164384,call,47.0,7.8,8.6,8.2,38.0,1463.0,0.09756097560975609,0.8773567345108835,54.05023054468254,0.021009849713957505,52.94158583182044,0.25676447738964275,11.285450531714647,False
2027-01-15,205,0.5616438356164384,call,47.5,7.65,8.1,7.875,5.0,3425.0,0.05714285714285705,0.8866903167929141,54.05023054468254,0.021009849713957505,52.94158583182044,0.25937433280233474,11.842019111848417,False
2027-01-15,205,0.5616438356164384,call,48.0,7.15,7.75,7.45,4.0,5673.0,0.0805369127516778,0.8960238990749448,54.05023054468254,0.021009849713957505,52.94158583182044,0.25289343411169446,12.204346549469811,False
2027-01-15,205,0.5616438356164384,call,48.5,7.0,7.35,7.175,12.0,630.0,0.048780487804878,0.9053574813569755,54.05023054468254,0.021009849713957505,52.94158583182044,0.25795452050773465,12.754638018689828,False
2027-01-15,205,0.5616438356164384,call,50.0,5.95,6.35,6.15,56.0,22049.0,0.06504065040650397,0.9333582282030675,54.05023054468254,0.021009849713957505,52.94158583182044,0.2528944711717704,13.928274349851376,False
2027-01-15,205,0.5616438356164384,call,52.5,4.4,4.8,4.6,294.0,13573.0,0.08695652173913032,0.9800261396132209,54.05023054468254,0.021009849713957505,52.94158583182044,0.24344153632914192,15.338635896178287,False
2027-01-15,205,0.5616438356164384,call,55.0,3.25,3.65,3.45,371.0,22418.0,0.11594202898550722,1.0266940510233742,54.05023054468254,0.021009849713957505,52.94158583182044,0.24443649751794577,15.828321238872315,True
2027-01-15,205,0.5616438356164384,call,57.5,2.28,2.62,2.45,1.0,4892.0,0.13877551020408174,1.0733619624335275,54.05023054468254,0.021009849713957505,52.94158583182044,0.23974429929325553,15.32393974970497,True
2027-01-15,205,0.5616438356164384,call,60.0,1.51,1.86,1.685,1042.0,30453.0,0.2077151335311573,1.120029873843681,54.05023054468254,0.021009849713957505,52.94158583182044,0.23589450404162715,13.952264914433579,True
2027-01-15,205,0.5616438356164384,call,62.5,0.94,1.42,1.18,43.0,3422.0,0.4067796610169492,1.1666977852538345,54.05023054468254,0.021009849713957505,52.94158583182044,0.23740680714743012,12.148739793409767,True
2027-01-15,205,0.5616438356164384,put,43.0,0.55,0.79,0.67,10.0,13185.0,0.3582089552238806,0.802688076254638,54.05023054468254,0.021009849713957505,52.94158583182044,0.277265076377421,7.66212692024675,True
2027-01-15,205,0.5616438356164384,put,43.5,0.61,0.86,0.735,1.0,2295.0,0.3401360544217687,0.8120216585366687,54.05023054468254,0.021009849713957505,52.94158583182044,0.2752455730042031,8.115674134345673,True
2027-01-15,205,0.5616438356164384,put,44.0,0.68,0.93,0.805,31.0,1849.0,0.3105590062111801,0.8213552408186994,54.05023054468254,0.021009849713957505,52.94158583182044,0.2732310703070456,8.576446595480494,True
2027-01-15,205,0.5616438356164384,put,44.5,0.74,0.99,0.865,23.0,6922.0,0.28901734104046245,0.8306888231007301,54.05023054468254,0.021009849713957505,52.94158583182044,0.26952846598273,8.991310052720916,True
2027-01-15,205,0.5616438356164384,put,45.0,0.85,0.97,0.9099999999999999,31.0,72471.0,0.13186813186813187,0.8400224053827607,54.05023054468254,0.021009849713957505,52.94158583182044,0.263803178197346,9.353179929712663,True
2027-01-15,205,0.5616438356164384,put,45.5,0.87,1.07,0.97,3.0,4869.0,0.20618556701030935,0.8493559876647915,54.05023054468254,0.021009849713957505,52.94158583182044,0.2593496879279263,9.762120275051236,True
2027-01-15,205,0.5616438356164384,put,46.0,0.93,1.29,1.11,30.0,2497.0,0.3243243243243243,0.8586895699468221,54.05023054468254,0.021009849713957505,52.94158583182044,0.26230482053188703,10.37932516787422,True
2027-01-15,205,0.5616438356164384,put,46.5,1.07,1.34,1.205,37.0,870.0,0.22406639004149378,0.8680231522288527,54.05023054468254,0.021009849713957505,52.94158583182044,0.26006571102189896,10.846511011712797,True
2027-01-15,205,0.5616438356164384,put,47.0,1.2,1.5,1.35,45.0,678.0,0.22222222222222224,0.8773567345108835,54.05023054468254,0.021009849713957505,52.94158583182044,0.26166911014494854,11.394509090679751,True
2027-01-15,205,0.5616438356164384,put,47.5,1.3,1.59,1.445,76.0,12642.0,0.20069204152249137,0.8866903167929141,54.05023054468254,0.021009849713957505,52.94158583182044,0.25818046278960755,11.818314732366176,True
2027-01-15,205,0.5616438356164384,put,48.0,1.41,1.64,1.525,45.0,574.0,0.15081967213114753,0.8960238990749448,54.05023054468254,0.021009849713957505,52.94158583182044,0.2529861796833124,12.206061523164019,True
2027-01-15,205,0.5616438356164384,put,48.5,1.57,1.77,1.67,72.0,6838.0,0.11976047904191614,0.9053574813569755,54.05023054468254,0.021009849713957505,52.94158583182044,0.25255756598530804,12.670848384578996,True
2027-01-15,205,0.5616438356164384,put,50.0,1.97,2.23,2.1,7720.0,39751.0,0.12380952380952381,0.9333582282030675,54.05023054468254,0.021009849713957505,52.94158583182044,0.2469349734805976,13.873833658748461,True
2027-01-15,205,0.5616438356164384,put,52.5,2.9,3.35,3.125,5.0,8961.0,0.14400000000000004,0.9800261396132209,54.05023054468254,0.021009849713957505,52.94158583182044,0.24627287922403823,15.34160387797996,True
2027-01-15,205,0.5616438356164384,put,55.0,3.95,4.6,4.275,8.0,17249.0,0.15204678362573085,1.0266940510233742,54.05023054468254,0.021009849713957505,52.94158583182044,0.2377845108741396,15.827825960604393,False
2027-01-15,205,0.5616438356164384,put,57.5,5.75,6.15,5.95,5.0,3328.0,0.06722689075630257,1.0733619624335275,54.05023054468254,0.021009849713957505,52.94158583182044,0.24762596002794432,15.376815409638098,False
2027-01-15,205,0.5616438356164384,put,60.0,7.45,8.05,7.75,1.0,5267.0,0.07741935483870975,1.120029873843681,54.05023054468254,0.021009849713957505,52.94158583182044,0.2527084255541675,14.26073415671524,False
2027-01-15,205,0.5616438356164384,put,62.5,9.4,10.1,9.75,113.0,464.0,0.07179487179487172,1.1666977852538345,54.05023054468254,0.021009849713957505,52.94158583182044,0.2608626362450963,12.853807346565938,False
2027-03-19,268,0.7342465753424657,call,45.0,9.85,10.5,10.175,25.0,98.0,0.06388206388206391,0.8400224053827607,54.22116005512027,0.020444990242809297,52.771830766054826,0.2598699966871388,11.505140635199178,False
2027-03-19,268,0.7342465753424657,call,50.0,6.55,7.05,6.8,1.0,47.0,0.07352941176470588,0.9333582282030675,54.22116005512027,0.020444990242809297,52.771830766054826,0.25716440296871335,16.092470469528216,False
2027-03-19,268,0.7342465753424657,call,51.0,5.95,6.45,6.2,1.0,4.0,0.08064516129032258,0.9520253927671288,54.22116005512027,0.020444990242809297,52.771830766054826,0.2552821366729057,16.72298591371348,False
2027-03-19,268,0.7342465753424657,call,52.0,5.3,5.9,5.6,2.0,31.0,0.10714285714285725,0.9706925573311902,54.22116005512027,0.020444990242809297,52.771830766054826,0.2515375965774009,17.236567530092117,False
2027-03-19,268,0.7342465753424657,call,53.0,4.65,5.3,4.975,27.0,47.0,0.1306532663316582,0.9893597218952516,54.22116005512027,0.020444990242809297,52.771830766054826,0.24461435263266032,17.633438067860705,False
2027-03-19,268,0.7342465753424657,call,54.0,4.25,4.75,4.5,6.0,121.0,0.1111111111111111,1.008026886459313,54.22116005512027,0.020444990242809297,52.771830766054826,0.24437873364881713,17.901213500474498,False
2027-03-19,268,0.7342465753424657,call,55.0,3.9,4.35,4.125,30.0,151.0,0.10909090909090903,1.0266940510233742,54.22116005512027,0.020444990242809297,52.771830766054826,0.24779868265704286,18.02614733884149,True
2027-03-19,268,0.7342465753424657,call,56.0,3.45,3.95,3.7,11.0,77.0,0.13513513513513511,1.0453612155874357,54.22116005512027,0.020444990242809297,52.771830766054826,0.24660448856725267,18.019856140796676,True
2027-03-19,268,0.7342465753424657,call,57.0,3.05,3.55,3.3,16.0,82.0,0.15151515151515152,1.064028380151497,54.22116005512027,0.020444990242809297,52.771830766054826,0.24502488471706443,17.880845237960692,True
2027-03-19,268,0.7342465753424657,call,58.0,2.57,3.2,2.885,1.0,1076.0,0.21837088388214917,1.0826955447155584,54.22116005512027,0.020444990242809297,52.771830766054826,0.240820288836709,17.59562924739582,True
2027-03-19,268,0.7342465753424657,call,59.0,2.36,2.73,2.545,14.0,600.0,0.1453831041257368,1.1013627092796197,54.22116005512027,0.020444990242809297,52.771830766054826,0.23909253086035614,17.194359387638215,True
2027-03-19,268,0.7342465753424657,call,60.0,2.03,2.57,2.3,15.0,12721.0,0.2347826086956522,1.120029873843681,54.22116005512027,0.020444990242809297,52.771830766054826,0.24127369760224776,16.7416659551714,True
2027-03-19,268,0.7342465753424657,call,61.0,1.9,2.32,2.11,7.0,593.0,0.19905213270142177,1.1386970384077424,54.22116005512027,0.020444990242809297,52.771830766054826,0.24535946635392095,16.26448881274798,True
2027-03-19,268,0.7342465753424657,call,62.0,1.63,1.97,1.7999999999999998,5.0,414.0,0.18888888888888894,1.1573642029718036,54.22116005512027,0.020444990242809297,52.771830766054826,0.24050274520488418,15.529026645734856,True
2027-03-19,268,0.7342465753424657,call,63.0,1.36,1.86,1.61,1.0,12515.0,0.3105590062111801,1.1760313675358651,54.22116005512027,0.020444990242809297,52.771830766054826,0.2417391994972937,14.877349876062846,True
2027-03-19,268,0.7342465753424657,call,64.0,1.2,1.77,1.4849999999999999,8.0,265.0,0.3838383838383839,1.1946985320999264,54.22116005512027,0.020444990242809297,52.771830766054826,0.24617318726632054,14.310380695588456,True
2027-03-19,268,0.7342465753424657,put,45.0,1.0,1.25,1.125,5.0,5469.0,0.2222222222222222,0.8400224053827607,54.22116005512027,0.020444990242809297,52.771830766054826,0.25326427608993224,11.297583520736367,True
2027-03-19,268,0.7342465753424657,put,50.0,2.27,2.6,2.435,22.0,1619.0,0.13552361396303905,0.9333582282030675,54.22116005512027,0.020444990242809297,52.771830766054826,0.2411487910929895,15.955464656970996,True
2027-03-19,268,0.7342465753424657,put,51.0,2.79,3.2,2.995,7.0,6.0,0.13689482470784645,0.9520253927671288,54.22116005512027,0.020444990242809297,52.771830766054826,0.25109745998743827,16.704219363427033,True
2027-03-19,268,0.7342465753424657,put,52.0,3.0,3.65,3.325,25.0,197.0,0.19548872180451124,0.9706925573311902,54.22116005512027,0.020444990242809297,52.771830766054826,0.24496716910824673,17.224088820218295,True
2027-03-19,268,0.7342465753424657,put,53.0,3.6,4.05,3.825,10.0,44.0,0.11764705882352934,0.9893597218952516,54.22116005512027,0.020444990242809297,52.771830766054826,0.24679874686640854,17.63353596421022,True
2027-03-19,268,0.7342465753424657,put,54.0,4.0,4.55,4.275,3.0,640.0,0.12865497076023386,1.008026886459313,54.22116005512027,0.020444990242809297,52.771830766054826,0.24383399802029845,17.901635200505517,True
2027-03-19,268,0.7342465753424657,put,55.0,4.55,5.05,4.8,2.0,20722.0,0.10416666666666667,1.0266940510233742,54.22116005512027,0.020444990242809297,52.771830766054826,0.2431933452208245,18.028333881791927,False
2027-03-19,268,0.7342465753424657,put,56.0,5.1,5.7,5.4,23.0,117.0,0.1111111111111112,1.0453612155874357,54.22116005512027,0.020444990242809297,52.771830766054826,0.24486790469158967,18.018274896647586,False
2027-03-19,268,0.7342465753424657,put,57.0,5.7,6.3,6.0,2.0,364.0,0.09999999999999994,1.064028380151497,54.22116005512027,0.020444990242809297,52.771830766054826,0.24476976363612546,17.879993671515912,False
2027-03-19,268,0.7342465753424657,put,58.0,6.4,7.05,6.725,15.0,321.0,0.09665427509293673,1.0826955447155584,54.22116005512027,0.020444990242809297,52.771830766054826,0.250020517266793,17.656187479237676,False
2027-03-19,268,0.7342465753424657,put,59.0,7.0,7.8,7.4,2.0,3720.0,0.10810810810810807,1.1013627092796197,54.22116005512027,0.020444990242809297,52.771830766054826,0.2509066955198635,17.320057094644746,False
2027-03-19,268,0.7342465753424657,put,60.0,7.75,8.4,8.075,15.0,7022.0,0.08049535603715176,1.120029873843681,54.22116005512027,0.020444990242809297,52.771830766054826,0.2502341077811961,16.876714526137388,False
2027-03-19,268,0.7342465753424657,put,61.0,8.45,9.35,8.899999999999999,2.0,125.0,0.10112359550561803,1.1386970384077424,54.22116005512027,0.020444990242809297,52.771830766054826,0.2571049039431,16.485105002533174,False
2027-03-19,268,0.7342465753424657,put,62.0,9.1,10.0,9.55,6.0,3780.0,0.09424083769633511,1.1573642029718036,54.22116005512027,0.020444990242809297,52.771830766054826,0.2519278521696193,15.814882658846058,False
2027-03-19,268,0.7342465753424657,put,63.0,10.0,10.9,10.45,2.0,435.0,0.08612440191387563,1.1760313675358651,54.22116005512027,0.020444990242809297,52.771830766054826,0.26124476847441164,15.435376448066542,False
2027-03-31,280,0.7671232876712328,call,45.0,9.15,11.65,10.4,18.0,43.0,0.24038461538461536,0.8400224053827607,54.69910011095763,0.009710037657353073,53.17245016560886,0.24081736422452962,10.921352955459723,False
2027-03-31,280,0.7671232876712328,call,46.0,9.15,9.95,9.55,2.0,3.0,0.08376963350785328,0.8586895699468221,54.69910011095763,0.009710037657353073,53.17245016560886,0.23302663527676618,11.82412105552241,False
2027-03-31,280,0.7671232876712328,call,48.0,8.05,10.55,9.3,1.0,6.0,0.26881720430107525,0.8960238990749448,54.69910011095763,0.009710037657353073,53.17245016560886,0.31300458826205835,15.390918912641531,False
2027-03-31,280,0.7671232876712328,call,49.5,5.8,8.4,7.1,,1.0,0.3661971830985916,0.9240246459210368,54.69910011095763,0.009710037657353073,53.17245016560886,0.23144417286043154,15.573973102267773,False
2027-03-31,280,0.7671232876712328,call,50.0,5.55,7.95,6.75,15.0,138.0,0.3555555555555556,0.9333582282030675,54.69910011095763,0.009710037657353073,53.17245016560886,0.22910253310871256,15.9891594362652,False
2027-03-31,280,0.7671232876712328,call,50.5,6.05,7.75,6.9,,1.0,0.2463768115942029,0.9426918104850982,54.69910011095763,0.009710037657353073,53.17245016560886,0.2565817873802467,16.65374478938784,False
2027-03-31,280,0.7671232876712328,call,52.0,7.65,10.7,9.175,2.0,2.0,0.33242506811989087,0.9706925573311902,54.69910011095763,0.009710037657353073,53.17245016560886,0.43271921349111,17.6348581323398,False
2027-03-31,280,0.7671232876712328,call,52.5,7.05,9.65,8.35,1.0,1.0,0.3113772455089821,0.9800261396132209,54.69910011095763,0.009710037657353073,53.17245016560886,0.39925606838991184,17.80288824245387,False
2027-03-31,280,0.7671232876712328,call,53.5,3.45,5.15,4.300000000000001,,2.0,0.3953488372093023,0.9986933041772822,54.69910011095763,0.009710037657353073,53.17245016560886,0.20096246045635763,18.158945237925202,False
2027-03-31,280,0.7671232876712328,call,54.5,3.45,5.4,4.425000000000001,1.0,1.0,0.4406779661016949,1.0173604687413436,54.69910011095763,0.009710037657353073,53.17245016560886,0.23375521311998898,18.44561198464273,False
2027-03-31,280,0.7671232876712328,call,55.0,3.75,5.0,4.375,35.0,101.0,0.2857142857142857,1.0266940510233742,54.69910011095763,0.009710037657353073,53.17245016560886,0.24305930216670085,18.51893892634106,True
2027-03-31,280,0.7671232876712328,call,55.5,3.1,4.95,4.025,30.0,30.0,0.45962732919254656,1.036027633305405,54.69910011095763,0.009710037657353073,53.17245016560886,0.2357011579895549,18.56930218421205,True
2027-03-31,280,0.7671232876712328,call,56.0,2.9,4.6,3.75,34.0,58.0,0.45333333333333325,1.0453612155874357,54.69910011095763,0.009710037657353073,53.17245016560886,0.2319536317812283,18.57744783598342,True
2027-03-31,280,0.7671232876712328,call,56.5,2.81,4.55,3.6799999999999997,2.0,22.0,0.47282608695652173,1.0546947978694663,54.69910011095763,0.009710037657353073,53.17245016560886,0.2388038388227808,18.555813380435918,True
2027-03-31,280,0.7671232876712328,call,57.0,2.82,4.35,3.585,4.0,263.0,0.4267782426778242,1.064028380151497,54.69910011095763,0.009710037657353073,53.17245016560886,0.24390138635282113,18.51060616904747,True
2027-03-31,280,0.7671232876712328,call,57.5,2.81,3.45,3.13,1.0,7.0,0.20447284345047928,1.0733619624335275,54.69910011095763,0.009710037657353073,53.17245016560886,0.22906698337315953,18.375320737369904,True
2027-03-31,280,0.7671232876712328,call,58.0,2.55,3.25,2.9,1.0,258.0,0.24137931034482765,1.0826955447155584,54.69910011095763,0.009710037657353073,53.17245016560886,0.2259260831021528,18.221604793202225,True
2027-03-31,280,0.7671232876712328,call,58.5,2.4,3.3,2.8499999999999996,2.0,9.0,0.3157894736842105,1.092029126997589,54.69910011095763,0.009710037657353073,53.17245016560886,0.2322603082089898,18.100432884231783,True
2027-03-31,280,0.7671232876712328,call,59.0,2.18,3.25,2.715,1.0,73.0,0.3941068139963167,1.1013627092796197,54.69910011095763,0.009710037657353073,53.17245016560886,0.2335506312359373,17.925154923182124,True
2027-03-31,280,0.7671232876712328,call,59.5,2.23,2.81,2.52,2.0,2.0,0.23015873015873017,1.1106962915616503,54.69910011095763,0.009710037657353073,53.17245016560886,0.2310744767502973,17.682873382727074,True
2027-03-31,280,0.7671232876712328,call,60.0,2.04,2.67,2.355,31.0,46.0,0.2675159235668789,1.120029873843681,54.69910011095763,0.009710037657353073,53.17245016560886,0.22984676235218215,17.4209587645993,True
2027-03-31,280,0.7671232876712328,call,61.0,1.96,2.3,2.13,3.0,4.0,0.15962441314553985,1.1386970384077424,54.69910011095763,0.009710037657353073,53.17245016560886,0.23228906356897583,16.908241428369323,True
2027-03-31,280,0.7671232876712328,call,64.0,1.24,1.98,1.6099999999999999,1.0,32.0,0.4596273291925466,1.1946985320999264,54.69910011095763,0.009710037657353073,53.17245016560886,0.24139819016967057,15.167464707780795,True
2027-03-31,280,0.7671232876712328,put,45.0,1.01,1.56,1.2850000000000001,2.0,58.0,0.4280155642023346,0.8400224053827607,54.69910011095763,0.009710037657353073,53.17245016560886,0.26829267519541317,11.853049074605165,True
2027-03-31,280,0.7671232876712328,put,46.0,1.3,1.85,1.5750000000000002,10.0,59.0,0.3492063492063492,0.8586895699468221,54.69910011095763,0.009710037657353073,53.17245016560886,0.27171897179321053,12.981449792082298,True
2027-03-31,280,0.7671232876712328,put,49.0,1.98,2.43,2.205,,2.0,0.2040816326530613,0.9146910636390062,54.69910011095763,0.009710037657353073,53.17245016560886,0.25262139799178257,15.44482421988556,True
2027-03-31,280,0.7671232876712328,put,49.5,2.15,2.58,2.365,,4.0,0.18181818181818188,0.9240246459210368,54.69910011095763,0.009710037657353073,53.17245016560886,0.25173635811417283,15.85428454321786,True
2027-03-31,280,0.7671232876712328,put,50.0,2.38,3.6,2.99,1.0,1.0,0.40802675585284287,0.9333582282030675,54.69910011095763,0.009710037657353073,53.17245016560886,0.2787954354937261,16.477970413282893,True
2027-03-31,280,0.7671232876712328,put,50.5,2.33,3.7,3.015,,4.0,0.4543946932006634,0.9426918104850982,54.69910011095763,0.009710037657353073,53.17245016560886,0.26837584613103305,16.73447495309194,True
2027-03-31,280,0.7671232876712328,put,51.5,2.2,2.78,2.49,10.0,9.0,0.23293172690763037,0.9613589750491596,54.69910011095763,0.009710037657353073,53.17245016560886,0.21364667278195698,17.041922740970847,True
2027-03-31,280,0.7671232876712328,put,52.0,2.75,4.4,3.575,1.0,6.0,0.4615384615384616,0.9706925573311902,54.69910011095763,0.009710037657353073,53.17245016560886,0.26401615233829645,17.56867948618709,True
2027-03-31,280,0.7671232876712328,put,52.5,2.91,4.65,3.7800000000000002,1.0,46.0,0.46031746031746035,0.9800261396132209,54.69910011095763,0.009710037657353073,53.17245016560886,0.262777414774471,17.796753941620437,True
2027-03-31,280,0.7671232876712328,put,53.0,3.65,4.75,4.2,1.0,9.0,0.2619047619047619,0.9893597218952516,54.69910011095763,0.009710037657353073,53.17245016560886,0.2730683996444792,18.0008027070654,True
2027-03-31,280,0.7671232876712328,put,55.0,4.1,5.6,4.85,2.0,16.0,0.30927835051546393,1.0266940510233742,54.69910011095763,0.009710037657353073,53.17245016560886,0.25291614931538764,18.510729291412336,False
2027-03-31,280,0.7671232876712328,put,55.5,4.3,6.15,5.225,3.0,3.0,0.35406698564593314,1.036027633305405,54.69910011095763,0.009710037657353073,53.17245016560886,0.2584044680139682,18.55706478407225,False
2027-03-31,280,0.7671232876712328,put,56.0,4.4,6.0,5.2,1.0,1735.0,0.3076923076923076,1.0453612155874357,54.69910011095763,0.009710037657353073,53.17245016560886,0.24193340626791995,18.579069133250616,False
2027-03-31,280,0.7671232876712328,put,56.5,4.85,6.75,5.8,2.0,10.0,0.32758620689655177,1.0546947978694663,54.69910011095763,0.009710037657353073,53.17245016560886,0.2587003233161232,18.57112190027853,False
2027-03-31,280,0.7671232876712328,put,57.0,5.5,6.0,5.75,10.0,10.0,0.08695652173913043,1.064028380151497,54.69910011095763,0.009710037657353073,53.17245016560886,0.2400280980886387,18.502732415662926,False
2027-03-31,280,0.7671232876712328,put,57.5,5.35,7.35,6.35,,6.0,0.31496062992125984,1.0733619624335275,54.69910011095763,0.009710037657353073,53.17245016560886,0.25605737303063325,18.466146679957504,False
2027-03-31,280,0.7671232876712328,put,58.0,6.55,7.2,6.875,1.0,5.0,0.0945454545454546,1.0826955447155584,54.69910011095763,0.009710037657353073,53.17245016560886,0.26772970575347504,18.416587098667705,False
2027-03-31,280,0.7671232876712328,put,58.5,6.85,7.55,7.199999999999999,1.0,10.0,0.09722222222222225,1.092029126997589,54.69910011095763,0.009710037657353073,53.17245016560886,0.2682237896971959,18.3174132349972,False
2027-03-31,280,0.7671232876712328,put,59.0,7.15,8.55,7.8500000000000005,1.0,9.0,0.17834394904458603,1.1013627092796197,54.69910011095763,0.009710037657353073,53.17245016560886,0.2861794671059998,18.29167178681873,False
2027-03-31,280,0.7671232876712328,put,59.5,6.7,9.15,7.925000000000001,1.0,1.0,0.30914826498422715,1.1106962915616503,54.69910011095763,0.009710037657353073,53.17245016560886,0.27231155541991314,18.079727143573596,False
2027-03-31,280,0.7671232876712328,put,60.0,7.1,9.0,8.05,20.0,7503.0,0.23602484472049692,1.120029873843681,54.69910011095763,0.009710037657353073,53.17245016560886,0.2605974617674027,17.808388497338363,False
2027-03-31,280,0.7671232876712328,put,62.0,8.5,10.2,9.35,,2.0,0.18181818181818174,1.1573642029718036,54.69910011095763,0.009710037657353073,53.17245016560886,0.2543521393294206,16.782657024326195,False
2027-03-31,280,0.7671232876712328,put,63.0,8.75,10.05,9.4,10.0,10.0,0.1382978723404256,1.1760313675358651,54.69910011095763,0.009710037657353073,53.17245016560886,0.21000161606038606,14.782328475651651,False
2027-06-17,358,0.9808219178082191,call,43.0,11.1,13.45,12.274999999999999,21.0,53.0,0.19144602851323828,0.802688076254638,54.406677079265904,0.021099290698063305,52.47277992010441,0.2684859866383535,12.350453786844575,False
2027-06-17,358,0.9808219178082191,call,43.5,9.95,13.3,11.625,2.0,424.0,0.28817204301075283,0.8120216585366687,54.406677079265904,0.021099290698063305,52.47277992010441,0.2460871264406549,12.073876680791486,False
2027-06-17,358,0.9808219178082191,call,44.0,10.4,11.95,11.175,43.0,87.0,0.13870246085011176,0.8213552408186994,54.406677079265904,0.021099290698063305,52.47277992010441,0.24020513397340146,12.431687850209043,False
2027-06-17,358,0.9808219178082191,call,44.5,9.85,11.6,10.725,12.0,47.0,0.16317016317016317,0.8306888231007301,54.406677079265904,0.021099290698063305,52.47277992010441,0.23423325263294048,12.795246604845836,False
2027-06-17,358,0.9808219178082191,call,45.0,10.5,11.95,11.225,2.0,3519.0,0.12917594654788414,0.8400224053827607,54.406677079265904,0.021099290698063305,52.47277992010441,0.2948815284065981,15.102413663826281,False
2027-06-17,358,0.9808219178082191,call,47.5,7.85,10.05,8.95,1719.0,1944.0,0.24581005586592192,0.8866903167929141,54.406677079265904,0.021099290698063305,52.47277992010441,0.25438114509616055,16.621084321037912,False
2027-06-17,358,0.9808219178082191,call,50.0,7.1,7.9,7.5,1.0,5185.0,0.10666666666666676,0.9333582282030675,54.406677079265904,0.021099290698063305,52.47277992010441,0.25699646054700603,18.658099681726117,False
2027-06-17,358,0.9808219178082191,call,52.5,5.6,6.65,6.125,10.0,3982.0,0.17142857142857154,0.9800261396132209,54.406677079265904,0.021099290698063305,52.47277992010441,0.25370019793576665,20.002682679508155,False
2027-06-17,358,0.9808219178082191,call,55.0,4.65,5.05,4.85,59.0,7461.0,0.08247422680412361,1.0266940510233742,54.406677079265904,0.021099290698063305,52.47277992010441,0.24676776631285996,20.669234469838063,True
2027-06-17,358,0.9808219178082191,call,57.5,3.65,4.3,3.9749999999999996,14.0,2515.0,0.16352201257861634,1.0733619624335275,54.406677079265904,0.021099290698063305,52.47277992010441,0.250901996951205,20.63198376833592,True
2027-06-17,358,0.9808219178082191,call,60.0,2.71,3.5,3.105,5.0,7008.0,0.25442834138486314,1.120029873843681,54.406677079265904,0.021099290698063305,52.47277992010441,0.24750529791490658,19.953463927689345,True
2027-06-17,358,0.9808219178082191,call,62.5,2.14,2.48,2.31,3.0,19567.0,0.14718614718614711,1.1666977852538345,54.406677079265904,0.021099290698063305,52.47277992010441,0.24014433538208618,18.6144587693161,True
2027-06-17,358,0.9808219178082191,put,43.0,0.97,1.37,1.17,6.0,27.0,0.341880341880342,0.802688076254638,54.406677079265904,0.021099290698063305,52.47277992010441,0.25997763772305527,12.039577306948392,True
2027-06-17,358,0.9808219178082191,put,44.0,1.05,1.48,1.2650000000000001,20.0,127.0,0.3399209486166007,0.8213552408186994,54.406677079265904,0.021099290698063305,52.47277992010441,0.25024344191124726,12.8192947699702,True
2027-06-17,358,0.9808219178082191,put,44.5,1.23,1.82,1.525,1.0,260.0,0.3868852459016394,0.8306888231007301,54.406677079265904,0.021099290698063305,52.47277992010441,0.26091426968660913,13.739846591822618,True
2027-06-17,358,0.9808219178082191,put,45.0,1.34,1.9,1.62,10.0,4761.0,0.3456790123456789,0.8400224053827607,54.406677079265904,0.021099290698063305,52.47277992010441,0.25860025181780305,14.209110510497856,True
2027-06-17,358,0.9808219178082191,put,47.5,2.18,2.57,2.375,1.0,2191.0,0.16421052631578933,0.8866903167929141,54.406677079265904,0.021099290698063305,52.47277992010441,0.25955184791057495,16.711104515414622,True
2027-06-17,358,0.9808219178082191,put,50.0,2.99,3.4,3.1950000000000003,1.0,1679.0,0.12832550860719863,0.9333582282030675,54.406677079265904,0.021099290698063305,52.47277992010441,0.2540492555838641,18.637580768590315,True
2027-06-17,358,0.9808219178082191,put,52.5,3.7,4.6,4.15,12.0,6529.0,0.21686746987951794,0.9800261396132209,54.406677079265904,0.021099290698063305,52.47277992010441,0.24689583908680837,19.999770273101873,True
2027-06-17,358,0.9808219178082191,put,55.0,5.2,5.4,5.300000000000001,9.0,21203.0,0.0377358490566038,1.0266940510233742,54.406677079265904,0.021099290698063305,52.47277992010441,0.24085490130849693,20.675530156092762,False
2027-06-17,358,0.9808219178082191,put,57.5,6.45,7.3,6.875,2.0,3241.0,0.12363636363636359,1.0733619624335275,54.406677079265904,0.021099290698063305,52.47277992010441,0.2468600405276257,20.620209141470266,False
2027-06-17,358,0.9808219178082191,put,60.0,7.95,8.8,8.375,1.0,1544.0,0.1014925373134329,1.120029873843681,54.406677079265904,0.021099290698063305,52.47277992010441,0.24125370815254815,19.87760839947233,False
2027-06-17,358,0.9808219178082191,put,62.5,10.1,10.9,10.5,10.0,268.0,0.07619047619047625,1.1666977852538345,54.406677079265904,0.021099290698063305,52.47277992010441,0.26053179156158757,19.07260387125375,False
