expiry,days,T,type,K,bid,ask,lastPrice,volume,openInterest
2026-07-24,30,0.0821917808219178,call,50.0,3.65,4.45,3.79,1.0,48.0
2026-07-24,30,0.0821917808219178,call,51.0,2.9,3.75,3.2,8.0,6.0
2026-07-24,30,0.0821917808219178,call,52.0,2.3,2.75,2.46,10.0,5.0
2026-07-24,30,0.0821917808219178,call,53.0,1.57,2.16,1.78,2.0,90.0
2026-07-24,30,0.0821917808219178,call,54.0,1.05,1.55,1.35,3.0,6.0
2026-07-24,30,0.0821917808219178,call,54.5,0.86,1.33,1.16,3.0,3.0
2026-07-24,30,0.0821917808219178,call,55.0,0.65,1.15,0.96,121.0,82.0
2026-07-24,30,0.0821917808219178,call,55.5,0.65,1.01,0.78,5.0,14.0
2026-07-24,30,0.0821917808219178,call,56.0,0.43,0.71,0.6,5.0,48.0
2026-07-24,30,0.0821917808219178,call,57.0,0.25,0.66,0.69,1.0,99.0
2026-07-24,30,0.0821917808219178,call,57.5,0.3,0.6,0.32,1.0,171.0
2026-07-24,30,0.0821917808219178,call,58.0,0.03,0.46,0.48,1.0,15.0
2026-07-24,30,0.0821917808219178,call,58.5,0.01,0.5,0.31,2.0,6.0
2026-07-24,30,0.0821917808219178,call,59.0,0.0,0.41,0.22,1.0,72.0
2026-07-24,30,0.0821917808219178,call,59.5,0.0,0.5,0.69,5.0,6.0
2026-07-24,30,0.0821917808219178,call,60.0,0.0,0.6,0.17,1.0,516.0
2026-07-24,30,0.0821917808219178,call,60.5,0.0,1.55,0.35,1.0,2.0
2026-07-24,30,0.0821917808219178,call,61.0,0.03,0.4,0.21,4.0,54.0
2026-07-24,30,0.0821917808219178,call,61.5,0.0,1.3,0.63,1.0,1.0
2026-07-24,30,0.0821917808219178,call,62.0,0.0,0.19,0.08,1.0,11.0
2026-07-24,30,0.0821917808219178,call,62.5,0.0,1.24,0.61,1.0,1.0
2026-07-24,30,0.0821917808219178,call,63.0,0.0,0.28,0.07,1.0,1.0
2026-07-24,30,0.0821917808219178,call,63.5,0.0,0.76,0.48,,142.0
2026-07-24,30,0.0821917808219178,call,64.0,0.0,0.35,0.64,50.0,50.0
2026-07-24,30,0.0821917808219178,call,64.5,0.0,0.96,0.54,,16.0
2026-07-24,30,0.0821917808219178,call,65.0,0.0,0.5,0.06,4.0,411.0
2026-07-24,30,0.0821917808219178,call,70.0,0.0,1.13,0.17,,2.0
2026-07-24,30,0.0821917808219178,put,45.0,0.0,0.76,0.13,4.0,7.0
2026-07-24,30,0.0821917808219178,put,48.0,0.0,0.4,0.12,4.0,25.0
2026-07-24,30,0.0821917808219178,put,49.0,0.01,0.35,0.25,2.0,19.0
2026-07-24,30,0.0821917808219178,put,50.0,0.14,0.37,0.37,77.0,198.0
2026-07-24,30,0.0821917808219178,put,51.0,0.38,0.68,0.55,12.0,88.0
2026-07-24,30,0.0821917808219178,put,52.0,0.6,0.95,0.81,3.0,129.0
2026-07-24,30,0.0821917808219178,put,53.0,0.95,1.56,1.15,9.0,225.0
2026-07-24,30,0.0821917808219178,put,53.5,1.26,1.69,1.54,17.0,2.0
2026-07-24,30,0.0821917808219178,put,54.0,1.49,1.9,1.78,110.0,84.0
2026-07-24,30,0.0821917808219178,put,54.5,1.8,2.22,2.06,62.0,13.0
2026-07-24,30,0.0821917808219178,put,55.0,2.02,2.64,2.28,5.0,212.0
2026-07-24,30,0.0821917808219178,put,55.5,2.48,2.97,2.97,10.0,0.0
2026-07-24,30,0.0821917808219178,put,56.0,2.73,3.35,3.04,2.0,18.0
2026-07-24,30,0.0821917808219178,put,56.5,3.1,4.05,3.88,8.0,9.0
2026-07-24,30,0.0821917808219178,put,57.0,3.45,4.2,4.09,1.0,27.0
2026-07-24,30,0.0821917808219178,put,57.5,3.55,5.05,4.4,1.0,4.0
2026-07-24,30,0.0821917808219178,put,58.0,4.25,5.15,5.14,8.0,23.0
2026-07-24,30,0.0821917808219178,put,58.5,4.65,5.4,5.24,1.0,2.0
2026-07-24,30,0.0821917808219178,put,59.0,5.3,6.0,4.55,5.0,40.0
2026-07-24,30,0.0821917808219178,put,59.5,5.35,6.75,2.97,,1.0
2026-07-24,30,0.0821917808219178,put,60.0,5.75,7.45,6.36,1.0,28.0
2026-07-24,30,0.0821917808219178,put,60.5,6.25,7.75,3.45,,2.0
2026-07-24,30,0.0821917808219178,put,62.0,6.65,10.5,7.03,,10.0
2026-07-24,30,0.0821917808219178,put,64.5,9.65,13.0,6.43,,0.0
2026-07-24,30,0.0821917808219178,put,65.0,9.95,13.5,11.89,2.0,0.0
2026-07-24,30,0.0821917808219178,put,66.0,11.3,13.7,12.57,1.0,1.0
2026-07-24,30,0.0821917808219178,put,70.0,15.1,18.5,12.1,,0.0
2026-07-24,30,0.0821917808219178,put,75.0,20.15,23.5,19.94,,0.0
2026-07-31,37,0.10136986301369863,call,48.0,5.2,6.7,5.71,11.0,11.0
2026-07-31,37,0.10136986301369863,call,51.0,3.1,3.75,3.35,10.0,4.0
2026-07-31,37,0.10136986301369863,call,53.0,1.75,2.35,1.99,12.0,110.0
2026-07-31,37,0.10136986301369863,call,53.5,1.47,2.0,1.62,2.0,2.0
2026-07-31,37,0.10136986301369863,call,54.0,1.26,1.81,1.54,18.0,38.0
2026-07-31,37,0.10136986301369863,call,54.5,1.0,1.59,1.25,19.0,16.0
2026-07-31,37,0.10136986301369863,call,55.0,1.04,1.38,1.1,168.0,495.0
2026-07-31,37,0.10136986301369863,call,55.5,0.7,1.3,0.97,15.0,121.0
2026-07-31,37,0.10136986301369863,call,56.0,0.7,1.05,0.66,5.0,10.0
2026-07-31,37,0.10136986301369863,call,56.5,0.58,0.81,1.0,4.0,27.0
2026-07-31,37,0.10136986301369863,call,57.0,0.47,0.61,0.58,24.0,62.0
2026-07-31,37,0.10136986301369863,call,57.5,0.4,0.6,0.55,3.0,9.0
2026-07-31,37,0.10136986301369863,call,58.0,0.3,0.56,0.38,1.0,18.0
2026-07-31,37,0.10136986301369863,call,58.5,0.01,0.56,0.47,2.0,2.0
2026-07-31,37,0.10136986301369863,call,59.0,0.11,0.45,0.28,20.0,15.0
2026-07-31,37,0.10136986301369863,call,60.0,0.07,0.36,0.15,8.0,346.0
2026-07-31,37,0.10136986301369863,call,61.0,0.0,0.5,0.34,20.0,0.0
2026-07-31,37,0.10136986301369863,call,62.0,0.0,1.2,0.01,1.0,6.0
2026-07-31,37,0.10136986301369863,call,64.0,0.0,0.31,0.21,,3.0
2026-07-31,37,0.10136986301369863,call,65.0,0.0,0.76,0.17,2.0,2.0
2026-07-31,37,0.10136986301369863,put,40.0,0.0,0.12,0.09,1.0,2.0
2026-07-31,37,0.10136986301369863,put,48.0,0.0,1.89,0.21,15.0,17.0
2026-07-31,37,0.10136986301369863,put,49.0,0.08,0.32,0.31,1.0,6.0
2026-07-31,37,0.10136986301369863,put,50.0,0.2,0.5,0.47,271.0,37.0
2026-07-31,37,0.10136986301369863,put,51.0,0.41,0.98,0.52,2.0,82.0
2026-07-31,37,0.10136986301369863,put,52.0,0.71,1.05,0.89,8.0,93.0
2026-07-31,37,0.10136986301369863,put,53.0,1.08,1.57,1.4,13.0,101.0
2026-07-31,37,0.10136986301369863,put,53.5,1.45,1.77,1.77,36.0,21.0
2026-07-31,37,0.10136986301369863,put,54.0,1.7,2.19,1.85,34.0,47.0
2026-07-31,37,0.10136986301369863,put,54.5,1.9,2.57,2.22,236.0,12.0
2026-07-31,37,0.10136986301369863,put,55.0,2.1,2.6,2.4,2.0,45.0
2026-07-31,37,0.10136986301369863,put,55.5,2.57,2.93,2.29,2.0,4.0
2026-07-31,37,0.10136986301369863,put,56.0,2.61,3.45,3.14,2.0,2.0
2026-07-31,37,0.10136986301369863,put,56.5,3.15,3.9,2.13,,1.0
2026-07-31,37,0.10136986301369863,put,57.5,3.65,4.8,4.42,1.0,3.0
2026-07-31,37,0.10136986301369863,put,58.0,4.45,5.25,3.39,4.0,4.0
2026-07-31,37,0.10136986301369863,put,59.0,4.95,5.95,4.76,2.0,6.0
2026-07-31,37,0.10136986301369863,put,60.0,6.25,6.95,6.79,45.0,45.0
2026-07-31,37,0.10136986301369863,put,62.5,7.45,11.0,5.65,,100.0
2026-07-31,37,0.10136986301369863,put,65.0,10.1,13.5,7.79,,0.0
2026-08-21,58,0.1589041095890411,call,40.0,12.25,14.8,18.23,2.0,0.0
2026-08-21,58,0.1589041095890411,call,45.0,8.65,9.25,9.0,1.0,6.0
2026-08-21,58,0.1589041095890411,call,46.0,7.6,8.25,9.25,2.0,4.0
2026-08-21,58,0.1589041095890411,call,47.0,6.7,7.3,6.85,10.0,11.0
2026-08-21,58,0.1589041095890411,call,48.0,5.9,6.45,6.8,25.0,198.0
2026-08-21,58,0.1589041095890411,call,49.0,5.1,5.65,5.05,14.0,23.0
2026-08-21,58,0.1589041095890411,call,50.0,4.15,4.8,4.44,1.0,100.0
2026-08-21,58,0.1589041095890411,call,51.0,3.55,4.1,3.79,6.0,82.0
2026-08-21,58,0.1589041095890411,call,52.0,2.84,3.35,2.89,1.0,210.0
2026-08-21,58,0.1589041095890411,call,53.0,2.27,2.68,2.5,50.0,60.0
2026-08-21,58,0.1589041095890411,call,54.0,1.95,2.08,2.08,20896.0,1208.0
2026-08-21,58,0.1589041095890411,call,55.0,1.35,1.67,1.56,310.0,2187.0
2026-08-21,58,0.1589041095890411,call,56.0,1.1,1.25,1.19,4169.0,1464.0
2026-08-21,58,0.1589041095890411,call,57.0,0.85,1.02,0.9,93.0,6835.0
2026-08-21,58,0.1589041095890411,call,58.0,0.65,0.78,0.73,12450.0,24424.0
2026-08-21,58,0.1589041095890411,call,59.0,0.47,0.72,0.51,44.0,4375.0
2026-08-21,58,0.1589041095890411,call,60.0,0.35,0.45,0.41,7109.0,24577.0
2026-08-21,58,0.1589041095890411,call,61.0,0.27,0.36,0.32,1071.0,2821.0
2026-08-21,58,0.1589041095890411,call,62.0,0.2,0.31,0.23,12083.0,17599.0
2026-08-21,58,0.1589041095890411,call,63.0,0.15,0.23,0.17,26.0,3513.0
2026-08-21,58,0.1589041095890411,call,64.0,0.1,0.19,0.17,60.0,1146.0
2026-08-21,58,0.1589041095890411,call,65.0,0.1,0.12,0.12,29.0,2300.0
2026-08-21,58,0.1589041095890411,call,68.0,0.0,0.39,0.07,1.0,1.0
2026-08-21,58,0.1589041095890411,call,70.0,0.0,0.1,0.05,149.0,3930.0
2026-08-21,58,0.1589041095890411,call,75.0,0.0,0.11,0.04,1.0,1557.0
2026-08-21,58,0.1589041095890411,call,80.0,0.0,0.15,0.03,8.0,541.0
2026-08-21,58,0.1589041095890411,put,30.0,0.0,0.05,0.05,26.0,29.0
2026-08-21,58,0.1589041095890411,put,35.0,0.0,0.14,0.07,6.0,5.0
2026-08-21,58,0.1589041095890411,put,40.0,0.02,0.16,0.09,5.0,39.0
2026-08-21,58,0.1589041095890411,put,45.0,0.08,0.2,0.13,77.0,177.0
2026-08-21,58,0.1589041095890411,put,46.0,0.13,0.24,0.18,3.0,969.0
2026-08-21,58,0.1589041095890411,put,47.0,0.18,0.3,0.28,646.0,3161.0
2026-08-21,58,0.1589041095890411,put,48.0,0.32,0.4,0.35,39.0,17934.0
2026-08-21,58,0.1589041095890411,put,49.0,0.43,0.55,0.51,4.0,441.0
2026-08-21,58,0.1589041095890411,put,50.0,0.66,0.89,0.68,143.0,36891.0
2026-08-21,58,0.1589041095890411,put,51.0,0.87,1.01,0.94,4072.0,42812.0
2026-08-21,58,0.1589041095890411,put,52.0,1.18,1.35,1.32,220.0,3585.0
2026-08-21,58,0.1589041095890411,put,53.0,1.62,1.86,1.72,605.0,1594.0
2026-08-21,58,0.1589041095890411,put,54.0,2.07,2.45,2.22,11.0,472.0
2026-08-21,58,0.1589041095890411,put,55.0,2.59,2.87,2.77,19.0,1329.0
2026-08-21,58,0.1589041095890411,put,56.0,3.1,3.55,3.5,85.0,4638.0
2026-08-21,58,0.1589041095890411,put,57.0,3.65,4.5,3.94,4.0,2748.0
2026-08-21,58,0.1589041095890411,put,58.0,4.7,5.1,5.0,999.0,1880.0
2026-08-21,58,0.1589041095890411,put,59.0,5.55,6.0,5.72,6.0,789.0
2026-08-21,58,0.1589041095890411,put,60.0,6.35,7.15,6.65,10.0,410.0
2026-08-21,58,0.1589041095890411,put,61.0,7.35,8.0,7.35,8.0,227.0
2026-08-21,58,0.1589041095890411,put,62.0,8.15,8.85,7.2,108.0,325.0
2026-08-21,58,0.1589041095890411,put,63.0,9.15,9.95,5.75,,10.0
2026-08-21,58,0.1589041095890411,put,64.0,9.15,12.45,7.1,1.0,101.0
2026-08-21,58,0.1589041095890411,put,65.0,9.5,13.5,11.01,43.0,62.0
2026-08-21,58,0.1589041095890411,put,70.0,15.85,18.55,17.0,10.0,10.0
2026-09-18,86,0.2356164383561644,call,20.0,32.3,34.9,33.85,15.0,0.0
2026-09-18,86,0.2356164383561644,call,22.5,35.05,39.1,34.5,2.0,2.0
2026-09-18,86,0.2356164383561644,call,25.0,23.6,26.75,20.0,4.0,2.0
2026-09-18,86,0.2356164383561644,call,27.5,25.1,27.25,26.2,10.0,10.0
2026-09-18,86,0.2356164383561644,call,30.0,21.75,25.8,23.33,1.0,1.0
2026-09-18,86,0.2356164383561644,call,32.5,0.0,0.0,22.44,2.0,0.0
2026-09-18,86,0.2356164383561644,call,35.0,22.45,26.5,22.96,1.0,12.0
2026-09-18,86,0.2356164383561644,call,35.5,,,9.53,,
2026-09-18,86,0.2356164383561644,call,36.0,0.0,0.0,20.8,1.0,0.0
2026-09-18,86,0.2356164383561644,call,36.5,19.95,22.9,15.0,2.0,2.0
2026-09-18,86,0.2356164383561644,call,37.0,17.2,20.15,10.49,2.0,2.0
2026-09-18,86,0.2356164383561644,call,37.5,19.0,21.95,13.0,2.0,26.0
2026-09-18,86,0.2356164383561644,call,38.0,15.1,17.3,17.85,20.0,172.0
2026-09-18,86,0.2356164383561644,call,38.5,19.25,23.1,19.15,1.0,18.0
2026-09-18,86,0.2356164383561644,call,39.0,15.65,16.85,18.7,36.0,57.0
2026-09-18,86,0.2356164383561644,call,39.5,0.0,0.0,15.35,4.0,0.0
2026-09-18,86,0.2356164383561644,call,40.0,13.6,14.35,13.6,1.0,81.0
2026-09-18,86,0.2356164383561644,call,40.5,0.0,0.0,16.6,7.0,0.0
2026-09-18,86,0.2356164383561644,call,41.0,12.7,13.3,17.12,10.0,12.0
2026-09-18,86,0.2356164383561644,call,41.5,0.0,0.0,20.35,4.0,0.0
2026-09-18,86,0.2356164383561644,call,42.0,11.6,12.2,17.95,1.0,6043.0
2026-09-18,86,0.2356164383561644,call,42.5,0.0,0.0,20.15,16.0,0.0
2026-09-18,86,0.2356164383561644,call,43.0,0.0,0.0,17.24,9.0,0.0
2026-09-18,86,0.2356164383561644,call,43.5,10.2,10.75,13.84,1.0,121.0
2026-09-18,86,0.2356164383561644,call,44.0,9.7,10.5,15.29,8.0,774.0
2026-09-18,86,0.2356164383561644,call,44.5,9.3,9.95,14.18,10.0,6516.0
2026-09-18,86,0.2356164383561644,call,45.0,8.9,9.35,9.09,5.0,9072.0
2026-09-18,86,0.2356164383561644,call,45.5,8.45,9.0,12.36,9.0,10238.0
2026-09-18,86,0.2356164383561644,call,46.0,7.95,8.65,8.62,1.0,3490.0
2026-09-18,86,0.2356164383561644,call,46.5,7.55,8.0,7.63,28.0,7456.0
2026-09-18,86,0.2356164383561644,call,47.0,7.1,7.65,7.25,1.0,6466.0
2026-09-18,86,0.2356164383561644,call,47.5,6.7,7.2,6.84,12.0,19571.0
2026-09-18,86,0.2356164383561644,call,49.0,5.4,6.0,5.65,1.0,377.0
2026-09-18,86,0.2356164383561644,call,50.0,4.75,5.25,4.85,198.0,15869.0
2026-09-18,86,0.2356164383561644,call,51.0,4.05,4.45,4.2,222.0,1179.0
2026-09-18,86,0.2356164383561644,call,52.5,3.25,3.45,3.13,43.0,6751.0
2026-09-18,86,0.2356164383561644,call,54.0,2.22,2.61,2.45,83.0,3352.0
2026-09-18,86,0.2356164383561644,call,55.0,1.81,2.15,2.01,2066.0,4049.0
2026-09-18,86,0.2356164383561644,call,56.0,1.4,1.77,1.54,12.0,1931.0
2026-09-18,86,0.2356164383561644,call,57.5,1.0,1.28,1.13,140.0,5270.0
2026-09-18,86,0.2356164383561644,call,59.0,0.64,0.91,0.85,176.0,3333.0
2026-09-18,86,0.2356164383561644,call,60.0,0.63,0.74,0.7,915.0,24052.0
2026-09-18,86,0.2356164383561644,call,61.0,0.48,0.59,0.53,56.0,13716.0
2026-09-18,86,0.2356164383561644,call,62.5,0.34,0.44,0.37,26.0,24241.0
2026-09-18,86,0.2356164383561644,call,65.0,0.19,0.3,0.23,331.0,32454.0
2026-09-18,86,0.2356164383561644,call,67.5,0.12,0.15,0.14,165.0,7508.0
2026-09-18,86,0.2356164383561644,call,70.0,0.08,0.11,0.09,113.0,21327.0
2026-09-18,86,0.2356164383561644,call,71.0,19.55,22.05,19.05,,1.0
2026-09-18,86,0.2356164383561644,call,72.0,21.4,22.85,21.08,,1.0
2026-09-18,86,0.2356164383561644,call,74.0,19.8,21.2,20.8,1.0,2.0
2026-09-18,86,0.2356164383561644,call,75.0,0.04,0.11,0.11,8.0,14222.0
2026-09-18,86,0.2356164383561644,call,76.0,0.0,0.0,18.35,2.0,81.0
2026-09-18,86,0.2356164383561644,call,77.0,0.0,0.0,17.8,1.0,10.0
2026-09-18,86,0.2356164383561644,call,78.0,16.35,18.15,15.6,3.0,21.0
2026-09-18,86,0.2356164383561644,call,79.0,15.6,17.4,11.55,1.0,13.0
2026-09-18,86,0.2356164383561644,call,80.0,0.01,0.14,0.06,122.0,4046.0
2026-09-18,86,0.2356164383561644,call,81.0,14.5,16.35,10.2,1.0,14.0
2026-09-18,86,0.2356164383561644,call,82.0,0.0,0.0,13.7,1.0,5.0
2026-09-18,86,0.2356164383561644,call,83.0,0.0,0.0,12.92,2.0,6.0
2026-09-18,86,0.2356164383561644,call,84.0,0.0,0.0,11.74,2.0,3009.0
2026-09-18,86,0.2356164383561644,call,85.0,0.0,0.14,0.09,6.0,249.0
2026-09-18,86,0.2356164383561644,call,86.0,6.7,11.1,9.76,2.0,53.0
2026-09-18,86,0.2356164383561644,call,87.0,0.0,0.0,9.29,2.0,60.0
2026-09-18,86,0.2356164383561644,call,88.0,0.0,0.0,7.95,17.0,397.0
2026-09-18,86,0.2356164383561644,call,89.0,0.0,0.0,9.54,6.0,3183.0
2026-09-18,86,0.2356164383561644,call,90.0,0.0,0.13,0.07,2.0,833.0
2026-09-18,86,0.2356164383561644,call,91.0,0.0,0.0,7.85,1.0,68.0
2026-09-18,86,0.2356164383561644,call,92.0,0.0,0.0,7.4,5.0,188.0
2026-09-18,86,0.2356164383561644,call,93.0,0.0,0.0,6.06,1.0,3639.0
2026-09-18,86,0.2356164383561644,call,94.0,0.0,0.0,6.4,1.0,3056.0
2026-09-18,86,0.2356164383561644,call,95.0,0.0,0.0,5.07,9.0,9859.0
2026-09-18,86,0.2356164383561644,call,100.0,0.0,0.0,4.0,15.0,4000.0
2026-09-18,86,0.2356164383561644,call,105.0,0.0,0.0,2.64,6.0,1118.0
2026-09-18,86,0.2356164383561644,call,110.0,0.0,0.0,1.4,10.0,140.0
2026-09-18,86,0.2356164383561644,call,115.0,0.0,0.0,1.1,4.0,47.0
2026-09-18,86,0.2356164383561644,call,120.0,0.0,0.0,0.5,2.0,114.0
2026-09-18,86,0.2356164383561644,call,125.0,0.0,0.0,0.42,1.0,52.0
2026-09-18,86,0.2356164383561644,call,130.0,0.29,0.66,0.48,3.0,104.0
2026-09-18,86,0.2356164383561644,call,135.0,0.0,0.0,0.28,10.0,5.0
2026-09-18,86,0.2356164383561644,call,140.0,0.0,0.0,0.16,1.0,84.0
2026-09-18,86,0.2356164383561644,put,20.0,0.0,0.0,0.04,400.0,0.0
2026-09-18,86,0.2356164383561644,put,22.5,0.0,0.91,0.05,26.0,117.0
2026-09-18,86,0.2356164383561644,put,25.0,0.0,2.13,0.05,10.0,23.0
2026-09-18,86,0.2356164383561644,put,27.5,0.0,0.12,0.02,1.0,3139.0
2026-09-18,86,0.2356164383561644,put,30.0,0.0,0.18,0.02,2.0,79.0
2026-09-18,86,0.2356164383561644,put,32.5,0.0,0.13,0.11,5.0,4053.0
2026-09-18,86,0.2356164383561644,put,34.0,0.0,0.95,0.25,,1.0
2026-09-18,86,0.2356164383561644,put,35.0,0.0,0.13,0.06,10.0,16056.0
2026-09-18,86,0.2356164383561644,put,35.5,0.51,0.65,0.83,,4328.0
2026-09-18,86,0.2356164383561644,put,36.0,0.0,0.0,0.24,14.0,0.0
2026-09-18,86,0.2356164383561644,put,36.5,0.01,0.75,0.85,6.0,138.0
2026-09-18,86,0.2356164383561644,put,37.0,0.0,0.11,0.17,1.0,10083.0
2026-09-18,86,0.2356164383561644,put,37.5,0.0,0.0,0.2,8.0,0.0
2026-09-18,86,0.2356164383561644,put,38.0,0.0,0.68,0.13,1.0,836.0
2026-09-18,86,0.2356164383561644,put,38.5,0.0,0.0,0.19,4.0,0.0
2026-09-18,86,0.2356164383561644,put,39.0,0.0,0.69,0.12,1.0,4259.0
2026-09-18,86,0.2356164383561644,put,39.5,0.0,0.45,0.08,40.0,378.0
2026-09-18,86,0.2356164383561644,put,40.0,0.01,0.16,0.04,2.0,19930.0
2026-09-18,86,0.2356164383561644,put,40.5,0.0,0.0,0.3,16.0,0.0
2026-09-18,86,0.2356164383561644,put,41.0,0.01,0.12,0.13,5.0,649.0
2026-09-18,86,0.2356164383561644,put,41.5,0.0,0.2,0.04,1.0,1242.0
2026-09-18,86,0.2356164383561644,put,42.0,0.0,0.21,0.14,1.0,774.0
2026-09-18,86,0.2356164383561644,put,42.5,0.0,0.25,0.17,1.0,1196.0
2026-09-18,86,0.2356164383561644,put,43.0,0.03,0.24,0.1,1.0,3465.0
2026-09-18,86,0.2356164383561644,put,43.5,0.05,0.26,0.16,30.0,1002.0
2026-09-18,86,0.2356164383561644,put,44.0,0.12,0.25,0.21,5.0,26124.0
2026-09-18,86,0.2356164383561644,put,44.5,0.01,0.3,0.26,1.0,909.0
2026-09-18,86,0.2356164383561644,put,45.0,0.16,0.32,0.25,4.0,33454.0
2026-09-18,86,0.2356164383561644,put,45.5,0.17,0.35,0.28,5.0,6446.0
2026-09-18,86,0.2356164383561644,put,46.0,0.24,0.35,0.34,1.0,8667.0
2026-09-18,86,0.2356164383561644,put,46.5,0.31,0.42,0.38,1.0,7595.0
2026-09-18,86,0.2356164383561644,put,47.0,0.35,0.51,0.44,1.0,856.0
2026-09-18,86,0.2356164383561644,put,47.5,0.29,0.73,0.51,20024.0,9039.0
2026-09-18,86,0.2356164383561644,put,49.0,0.69,0.96,0.75,320.0,25863.0
2026-09-18,86,0.2356164383561644,put,50.0,0.89,1.05,0.99,4355.0,51264.0
2026-09-18,86,0.2356164383561644,put,51.0,1.18,1.54,1.31,235.0,5786.0
2026-09-18,86,0.2356164383561644,put,52.5,0.7,1.95,1.84,10085.0,79994.0
2026-09-18,86,0.2356164383561644,put,54.0,2.37,2.61,2.55,73.0,7146.0
2026-09-18,86,0.2356164383561644,put,55.0,2.94,3.2,3.0,6.0,90080.0
2026-09-18,86,0.2356164383561644,put,56.0,3.5,3.85,3.75,6.0,2299.0
2026-09-18,86,0.2356164383561644,put,57.5,4.6,4.9,4.7,63.0,84087.0
2026-09-18,86,0.2356164383561644,put,59.0,5.7,6.25,5.6,5.0,4515.0
2026-09-18,86,0.2356164383561644,put,60.0,6.55,7.0,6.89,5.0,14147.0
2026-09-18,86,0.2356164383561644,put,61.0,7.5,8.0,5.7,2.0,428.0
2026-09-18,86,0.2356164383561644,put,62.5,8.8,9.3,8.21,25.0,3075.0
2026-09-18,86,0.2356164383561644,put,65.0,10.3,14.0,11.64,25.0,429.0
2026-09-18,86,0.2356164383561644,put,67.5,12.75,15.45,13.2,2.0,0.0
2026-09-18,86,0.2356164383561644,put,70.0,15.8,17.95,11.9,15.0,40.0
2026-09-18,86,0.2356164383561644,put,71.0,0.0,0.0,1.67,1.0,2164.0
2026-09-18,86,0.2356164383561644,put,72.0,0.0,0.0,1.79,1.0,216.0
2026-09-18,86,0.2356164383561644,put,73.0,0.0,0.0,1.91,8.0,69.0
2026-09-18,86,0.2356164383561644,put,74.0,1.9,2.46,2.36,1.0,48.0
2026-09-18,86,0.2356164383561644,put,75.0,20.95,22.15,17.85,1.0,1.0
2026-09-18,86,0.2356164383561644,put,76.0,0.0,0.0,2.89,28.0,418.0
2026-09-18,86,0.2356164383561644,put,77.0,0.0,0.0,3.19,2.0,101.0
2026-09-18,86,0.2356164383561644,put,78.0,0.0,0.0,2.55,1.0,1809.0
2026-09-18,86,0.2356164383561644,put,79.0,0.0,0.0,3.05,2.0,46.0
2026-09-18,86,0.2356164383561644,put,80.0,24.9,28.55,25.5,20.0,0.0
2026-09-18,86,0.2356164383561644,put,81.0,0.0,0.0,3.4,3.0,55.0
2026-09-18,86,0.2356164383561644,put,82.0,0.0,0.0,3.65,2.0,281.0
2026-09-18,86,0.2356164383561644,put,83.0,0.0,0.0,3.95,1.0,755.0
2026-09-18,86,0.2356164383561644,put,84.0,0.0,0.0,4.25,1.0,415.0
2026-09-18,86,0.2356164383561644,put,85.0,25.15,26.25,24.5,1.0,0.0
2026-09-18,86,0.2356164383561644,put,86.0,0.0,0.0,5.05,2.0,672.0
2026-09-18,86,0.2356164383561644,put,87.0,0.0,0.0,5.27,12.0,526.0
2026-09-18,86,0.2356164383561644,put,88.0,0.0,0.0,5.67,12.0,12801.0
2026-09-18,86,0.2356164383561644,put,89.0,0.0,0.0,5.7,7.0,340.0
2026-09-18,86,0.2356164383561644,put,90.0,0.0,0.0,30.75,1.0,0.0
2026-09-18,86,0.2356164383561644,put,91.0,0.0,0.0,8.0,40.0,61.0
2026-09-18,86,0.2356164383561644,put,92.0,0.0,0.0,6.95,57.0,466.0
2026-09-18,86,0.2356164383561644,put,93.0,0.0,0.0,7.85,2.0,3544.0
2026-09-18,86,0.2356164383561644,put,94.0,0.0,0.0,9.3,1.0,39.0
2026-09-18,86,0.2356164383561644,put,95.0,0.0,0.0,8.52,10.0,57.0
2026-09-18,86,0.2356164383561644,put,100.0,0.0,0.0,11.6,10.0,1016.0
2026-09-30,98,0.2684931506849315,call,32.5,20.7,24.85,24.25,50.0,48.0
2026-09-30,98,0.2684931506849315,call,35.0,0.0,0.0,20.32,20.0,0.0
2026-09-30,98,0.2684931506849315,call,37.0,18.25,21.7,13.44,2.0,4.0
2026-09-30,98,0.2684931506849315,call,37.5,18.8,22.5,13.45,,0.0
2026-09-30,98,0.2684931506849315,call,38.0,14.55,16.95,18.5,1.0,2.0
2026-09-30,98,0.2684931506849315,call,38.5,11.5,13.05,7.15,,1.0
2026-09-30,98,0.2684931506849315,call,39.0,11.85,12.6,6.75,2.0,3.0
2026-09-30,98,0.2684931506849315,call,40.0,16.95,20.3,18.3,100.0,103.0
2026-09-30,98,0.2684931506849315,call,40.5,,,5.83,,
2026-09-30,98,0.2684931506849315,call,41.0,12.3,13.5,17.48,1.0,1.0
2026-09-30,98,0.2684931506849315,call,42.0,16.95,18.25,15.37,2.0,5.0
2026-09-30,98,0.2684931506849315,call,42.5,15.45,16.85,14.73,1.0,16.0
2026-09-30,98,0.2684931506849315,call,43.0,10.6,11.5,15.92,1.0,21.0
2026-09-30,98,0.2684931506849315,call,43.5,10.9,12.75,13.09,,0.0
2026-09-30,98,0.2684931506849315,call,44.0,13.45,15.4,13.57,4.0,34.0
2026-09-30,98,0.2684931506849315,call,44.5,9.25,10.05,14.47,1.0,88.0
2026-09-30,98,0.2684931506849315,call,45.0,11.7,14.1,14.68,4.0,60.0
2026-09-30,98,0.2684931506849315,call,45.5,8.4,9.05,10.18,1.0,6.0
2026-09-30,98,0.2684931506849315,call,46.0,11.45,13.5,13.75,4.0,50.0
2026-09-30,98,0.2684931506849315,call,46.5,7.55,8.4,15.14,12.0,16.0
2026-09-30,98,0.2684931506849315,call,47.0,6.6,7.8,7.3,3.0,46.0
2026-09-30,98,0.2684931506849315,call,47.5,6.7,7.3,6.78,1.0,934.0
2026-09-30,98,0.2684931506849315,call,48.0,6.3,6.85,6.28,2.0,4399.0
2026-09-30,98,0.2684931506849315,call,48.5,5.95,6.6,6.1,1.0,38.0
2026-09-30,98,0.2684931506849315,call,49.0,5.4,6.2,6.0,1.0,99.0
2026-09-30,98,0.2684931506849315,call,49.5,4.85,5.9,8.43,4.0,145.0
2026-09-30,98,0.2684931506849315,call,50.0,4.7,5.25,5.0,1.0,2516.0
2026-09-30,98,0.2684931506849315,call,50.5,8.2,9.55,7.98,2.0,35.0
2026-09-30,98,0.2684931506849315,call,51.0,3.95,4.7,4.13,2.0,208.0
2026-09-30,98,0.2684931506849315,call,51.5,3.8,4.15,4.95,7.0,21.0
2026-09-30,98,0.2684931506849315,call,52.0,3.45,3.85,5.21,3.0,102.0
2026-09-30,98,0.2684931506849315,call,52.5,3.0,3.65,3.25,1.0,37.0
2026-09-30,98,0.2684931506849315,call,55.0,2.05,2.31,2.09,259.0,1787.0
2026-09-30,98,0.2684931506849315,call,57.5,1.02,1.47,1.24,22.0,3408.0
2026-09-30,98,0.2684931506849315,call,60.0,0.67,0.85,0.74,56.0,5236.0
2026-09-30,98,0.2684931506849315,call,65.0,0.24,0.35,0.29,33.0,3133.0
2026-09-30,98,0.2684931506849315,call,70.0,0.09,0.16,0.1,2.0,2929.0
2026-09-30,98,0.2684931506849315,call,74.0,0.0,0.0,20.15,2.0,7.0
2026-09-30,98,0.2684931506849315,call,75.0,0.0,0.38,0.08,3.0,324.0
2026-09-30,98,0.2684931506849315,call,76.0,0.0,0.0,17.91,,1.0
2026-09-30,98,0.2684931506849315,call,78.0,13.45,18.45,13.07,,1.0
2026-09-30,98,0.2684931506849315,call,80.0,0.0,0.15,0.09,20.0,319.0
2026-09-30,98,0.2684931506849315,call,81.0,12.7,13.9,11.65,,2.0
2026-09-30,98,0.2684931506849315,call,85.0,0.0,0.0,10.2,1.0,6.0
2026-09-30,98,0.2684931506849315,call,88.0,0.0,0.0,8.01,17.0,17.0
2026-09-30,98,0.2684931506849315,call,89.0,0.0,0.0,8.22,1.0,40.0
2026-09-30,98,0.2684931506849315,call,90.0,0.0,0.0,7.55,2.0,5.0
2026-09-30,98,0.2684931506849315,call,92.0,0.0,0.0,7.34,10.0,25.0
2026-09-30,98,0.2684931506849315,call,93.0,0.0,0.0,6.8,,1.0
2026-09-30,98,0.2684931506849315,call,94.0,5.35,6.35,5.25,,10.0
2026-09-30,98,0.2684931506849315,call,95.0,0.0,0.0,5.91,5.0,30.0
2026-09-30,98,0.2684931506849315,call,96.0,0.0,0.0,5.0,1.0,2.0
2026-09-30,98,0.2684931506849315,call,98.0,0.0,0.0,5.0,1.0,0.0
2026-09-30,98,0.2684931506849315,call,100.0,0.0,0.0,3.9,65.0,64.0
2026-09-30,98,0.2684931506849315,call,102.0,2.97,5.05,3.2,,1.0
2026-09-30,98,0.2684931506849315,call,105.0,0.0,0.0,2.79,,1.0
2026-09-30,98,0.2684931506849315,call,110.0,0.0,0.0,1.66,5.0,20.0
2026-09-30,98,0.2684931506849315,put,32.5,0.0,0.52,0.27,998.0,499.0
2026-09-30,98,0.2684931506849315,put,35.0,0.48,0.75,0.8,,540.0
2026-09-30,98,0.2684931506849315,put,37.0,0.0,0.92,0.71,6.0,204.0
2026-09-30,98,0.2684931506849315,put,37.5,0.0,0.54,0.09,11.0,5.0
2026-09-30,98,0.2684931506849315,put,38.0,0.0,0.0,0.33,42.0,0.0
2026-09-30,98,0.2684931506849315,put,38.5,0.0,0.38,0.08,10.0,25.0
2026-09-30,98,0.2684931506849315,put,39.0,0.0,0.0,0.21,3.0,0.0
2026-09-30,98,0.2684931506849315,put,39.5,0.06,0.76,1.01,402.0,219.0
2026-09-30,98,0.2684931506849315,put,40.0,0.0,0.4,0.08,1.0,224.0
2026-09-30,98,0.2684931506849315,put,40.5,0.22,0.71,1.1,198.0,99.0
2026-09-30,98,0.2684931506849315,put,41.0,0.03,0.23,0.19,,1000.0
2026-09-30,98,0.2684931506849315,put,41.5,0.0,0.0,0.59,,0.0
2026-09-30,98,0.2684931506849315,put,42.0,0.0,0.45,0.13,2.0,13.0
2026-09-30,98,0.2684931506849315,put,42.5,0.06,0.47,0.14,1.0,14.0
2026-09-30,98,0.2684931506849315,put,43.0,0.0,0.49,0.17,2.0,5.0
2026-09-30,98,0.2684931506849315,put,43.5,0.0,0.0,0.81,1.0,0.0
2026-09-30,98,0.2684931506849315,put,44.0,0.0,0.0,0.83,3.0,0.0
2026-09-30,98,0.2684931506849315,put,44.5,0.0,0.38,0.2,2.0,26.0
2026-09-30,98,0.2684931506849315,put,45.0,0.23,0.41,0.24,1.0,133.0
2026-09-30,98,0.2684931506849315,put,45.5,0.26,0.68,0.39,10.0,20.0
2026-09-30,98,0.2684931506849315,put,46.0,0.32,0.47,0.43,1.0,41.0
2026-09-30,98,0.2684931506849315,put,46.5,0.38,0.51,0.4,2.0,2.0
2026-09-30,98,0.2684931506849315,put,47.0,0.45,0.63,0.56,15.0,620.0
2026-09-30,98,0.2684931506849315,put,47.5,0.54,0.66,0.66,10.0,63.0
2026-09-30,98,0.2684931506849315,put,48.0,0.39,0.73,1.15,2.0,57.0
2026-09-30,98,0.2684931506849315,put,48.5,1.11,1.56,1.7,5.0,8.0
2026-09-30,98,0.2684931506849315,put,49.0,0.8,0.99,0.86,1.0,244.0
2026-09-30,98,0.2684931506849315,put,49.5,0.83,1.24,1.1,1.0,30.0
2026-09-30,98,0.2684931506849315,put,50.0,1.02,1.45,1.0,50.0,260.0
2026-09-30,98,0.2684931506849315,put,50.5,1.06,1.47,1.23,1.0,217.0
2026-09-30,98,0.2684931506849315,put,51.0,1.32,1.63,1.67,1.0,222.0
2026-09-30,98,0.2684931506849315,put,51.5,1.5,1.8,1.73,11.0,520.0
2026-09-30,98,0.2684931506849315,put,52.0,1.7,2.09,1.9,1.0,712.0
2026-09-30,98,0.2684931506849315,put,52.5,1.81,2.41,2.13,15.0,360.0
2026-09-30,98,0.2684931506849315,put,55.0,3.25,3.7,3.05,1.0,551.0
2026-09-30,98,0.2684931506849315,put,57.5,4.6,5.25,4.81,2.0,27.0
2026-09-30,98,0.2684931506849315,put,60.0,6.7,7.1,6.16,1.0,185.0
2026-09-30,98,0.2684931506849315,put,65.0,11.15,11.9,10.56,50.0,83.0
2026-09-30,98,0.2684931506849315,put,70.0,15.15,18.0,15.9,1.0,0.0
2026-09-30,98,0.2684931506849315,put,74.0,1.73,2.69,2.75,3.0,102.0
2026-09-30,98,0.2684931506849315,put,75.0,19.95,23.5,16.66,1.0,0.0
2026-09-30,98,0.2684931506849315,put,79.0,0.0,0.0,3.26,,9.0
2026-09-30,98,0.2684931506849315,put,80.0,0.0,0.0,3.65,4.0,15.0
2026-09-30,98,0.2684931506849315,put,81.0,2.99,6.9,5.14,,0.0
2026-09-30,98,0.2684931506849315,put,85.0,0.0,0.0,5.05,1.0,1.0
2026-09-30,98,0.2684931506849315,put,88.0,0.0,0.0,6.55,1.0,1.0
2026-09-30,98,0.2684931506849315,put,92.0,6.5,8.5,9.32,,5.0
2026-09-30,98,0.2684931506849315,put,100.0,11.05,13.3,14.25,,5.0
2026-10-16,114,0.31232876712328766,call,40.0,13.7,14.35,14.04,1.0,360.0
2026-10-16,114,0.31232876712328766,call,45.0,8.45,9.8,8.9,1.0,7.0
2026-10-16,114,0.31232876712328766,call,46.0,8.1,8.75,8.22,23.0,20.0
2026-10-16,114,0.31232876712328766,call,47.0,6.95,7.85,7.39,28.0,28.0
2026-10-16,114,0.31232876712328766,call,48.0,6.45,7.05,10.97,,4.0
2026-10-16,114,0.31232876712328766,call,49.0,5.7,6.3,7.6,,5.0
2026-10-16,114,0.31232876712328766,call,50.0,4.85,5.4,5.06,8.0,61.0
2026-10-16,114,0.31232876712328766,call,51.0,4.25,4.8,5.94,2.0,4.0
2026-10-16,114,0.31232876712328766,call,52.0,3.7,4.05,4.1,10.0,32.0
2026-10-16,114,0.31232876712328766,call,53.0,3.1,3.45,3.15,18.0,1492.0
2026-10-16,114,0.31232876712328766,call,54.0,2.49,2.94,3.3,1.0,54.0
2026-10-16,114,0.31232876712328766,call,55.0,2.1,2.48,2.3,9.0,97.0
2026-10-16,114,0.31232876712328766,call,56.0,1.84,2.08,1.93,9.0,717.0
2026-10-16,114,0.31232876712328766,call,57.0,1.5,1.74,1.6,3.0,85.0
2026-10-16,114,0.31232876712328766,call,58.0,1.07,1.45,1.32,18.0,169.0
2026-10-16,114,0.31232876712328766,call,59.0,0.84,1.19,1.09,10.0,4246.0
2026-10-16,114,0.31232876712328766,call,60.0,0.83,0.98,0.89,99.0,3501.0
2026-10-16,114,0.31232876712328766,call,61.0,0.64,0.84,0.87,1.0,205.0
2026-10-16,114,0.31232876712328766,call,62.0,0.55,0.68,0.58,6.0,71.0
2026-10-16,114,0.31232876712328766,call,63.0,0.44,0.6,0.48,1.0,36.0
2026-10-16,114,0.31232876712328766,call,64.0,0.36,0.48,0.54,4.0,123.0
2026-10-16,114,0.31232876712328766,call,65.0,0.3,0.38,0.32,7.0,195.0
2026-10-16,114,0.31232876712328766,call,66.0,0.24,0.36,0.31,27.0,159.0
2026-10-16,114,0.31232876712328766,call,67.0,0.15,0.26,0.26,12.0,18.0
2026-10-16,114,0.31232876712328766,call,68.0,0.12,0.28,0.23,9.0,26.0
2026-10-16,114,0.31232876712328766,call,69.0,0.12,0.24,0.17,2696.0,40.0
2026-10-16,114,0.31232876712328766,call,70.0,0.13,0.18,0.15,313.0,811.0
2026-10-16,114,0.31232876712328766,call,75.0,0.06,0.17,0.08,12.0,223.0
2026-10-16,114,0.31232876712328766,call,80.0,0.0,0.12,0.05,7.0,195.0
2026-10-16,114,0.31232876712328766,call,85.0,0.0,0.14,0.05,1.0,586.0
2026-10-16,114,0.31232876712328766,put,40.0,0.03,0.21,0.21,2.0,6.0
2026-10-16,114,0.31232876712328766,put,45.0,0.34,0.5,0.42,6.0,464.0
2026-10-16,114,0.31232876712328766,put,46.0,0.44,0.62,0.54,5.0,20.0
2026-10-16,114,0.31232876712328766,put,47.0,0.58,0.77,0.58,7.0,14.0
2026-10-16,114,0.31232876712328766,put,48.0,0.74,0.95,0.86,6.0,31.0
2026-10-16,114,0.31232876712328766,put,49.0,0.88,1.34,1.1,86.0,3.0
2026-10-16,114,0.31232876712328766,put,50.0,1.24,1.44,1.38,93.0,157.0
2026-10-16,114,0.31232876712328766,put,51.0,1.55,1.77,1.71,165.0,2.0
2026-10-16,114,0.31232876712328766,put,52.0,1.92,2.31,2.06,182.0,43.0
2026-10-16,114,0.31232876712328766,put,53.0,2.36,2.78,2.56,70.0,162.0
2026-10-16,114,0.31232876712328766,put,54.0,2.83,3.15,3.04,2.0,2694.0
2026-10-16,114,0.31232876712328766,put,55.0,3.35,3.8,3.6,4.0,9408.0
2026-10-16,114,0.31232876712328766,put,56.0,3.9,4.35,3.55,13.0,41.0
2026-10-16,114,0.31232876712328766,put,57.0,4.6,5.2,4.2,4.0,1551.0
2026-10-16,114,0.31232876712328766,put,58.0,5.25,5.8,5.63,1.0,73.0
2026-10-16,114,0.31232876712328766,put,59.0,6.0,6.8,5.7,2.0,26.0
2026-10-16,114,0.31232876712328766,put,60.0,6.75,7.5,6.62,2.0,52.0
2026-10-16,114,0.31232876712328766,put,61.0,7.45,8.5,4.2,,2.0
2026-10-16,114,0.31232876712328766,put,62.0,8.5,9.2,5.5,2.0,2.0
2026-10-16,114,0.31232876712328766,put,64.0,10.2,11.5,7.0,,10.0
2026-10-16,114,0.31232876712328766,put,65.0,11.25,12.1,11.67,25.0,7.0
2026-10-16,114,0.31232876712328766,put,66.0,10.9,11.7,8.62,2.0,2.0
2026-12-18,177,0.4849315068493151,call,20.0,34.9,39.0,29.22,1.0,1.0
2026-12-18,177,0.4849315068493151,call,22.5,0.0,0.0,40.1,4.0,0.0
2026-12-18,177,0.4849315068493151,call,25.0,27.4,30.05,28.55,10.0,4.0
2026-12-18,177,0.4849315068493151,call,27.5,24.8,27.7,26.0,30.0,10.0
2026-12-18,177,0.4849315068493151,call,30.0,23.2,24.4,28.28,1.0,13.0
2026-12-18,177,0.4849315068493151,call,32.5,20.75,24.85,26.16,6.0,285.0
2026-12-18,177,0.4849315068493151,call,35.0,18.4,19.6,23.66,2.0,64.0
2026-12-18,177,0.4849315068493151,call,36.0,17.45,18.6,25.45,2.0,57.0
2026-12-18,177,0.4849315068493151,call,36.5,0.0,0.0,18.0,2.0,0.0
2026-12-18,177,0.4849315068493151,call,37.0,16.5,17.4,21.05,1.0,10.0
2026-12-18,177,0.4849315068493151,call,37.5,20.65,22.65,18.7,1.0,79.0
2026-12-18,177,0.4849315068493151,call,38.0,20.15,21.0,16.54,10.0,93.0
2026-12-18,177,0.4849315068493151,call,38.5,14.5,19.5,8.46,2.0,10.0
2026-12-18,177,0.4849315068493151,call,39.0,17.15,21.3,12.96,1.0,5.0
2026-12-18,177,0.4849315068493151,call,39.5,14.15,15.0,19.75,2.0,28.0
2026-12-18,177,0.4849315068493151,call,40.0,13.65,14.45,13.7,2.0,583.0
2026-12-18,177,0.4849315068493151,call,40.5,0.0,0.0,14.0,1.0,0.0
2026-12-18,177,0.4849315068493151,call,41.0,0.0,0.0,20.62,4.0,0.0
2026-12-18,177,0.4849315068493151,call,41.5,0.0,0.0,16.05,19.0,0.0
2026-12-18,177,0.4849315068493151,call,42.0,16.35,17.2,13.8,1.0,2131.0
2026-12-18,177,0.4849315068493151,call,42.5,11.45,12.4,16.6,2.0,10863.0
2026-12-18,177,0.4849315068493151,call,43.0,13.5,16.35,15.47,1.0,788.0
2026-12-18,177,0.4849315068493151,call,43.5,13.0,15.85,15.05,1.0,81.0
2026-12-18,177,0.4849315068493151,call,44.0,8.0,10.9,10.77,2.0,1675.0
2026-12-18,177,0.4849315068493151,call,44.5,14.0,14.75,12.42,6.0,92.0
2026-12-18,177,0.4849315068493151,call,45.0,8.3,10.2,9.65,4.0,7303.0
2026-12-18,177,0.4849315068493151,call,45.5,7.0,9.55,10.5,5.0,6243.0
2026-12-18,177,0.4849315068493151,call,46.0,6.6,9.2,9.6,2.0,236.0
2026-12-18,177,0.4849315068493151,call,46.5,8.05,8.9,13.83,1.0,8114.0
2026-12-18,177,0.4849315068493151,call,47.0,7.7,8.55,7.82,20.0,11957.0
2026-12-18,177,0.4849315068493151,call,47.5,7.3,8.0,7.5,1.0,14565.0
2026-12-18,177,0.4849315068493151,call,49.0,6.25,6.95,6.44,11.0,61.0
2026-12-18,177,0.4849315068493151,call,50.0,5.6,6.2,5.93,1.0,2242.0
2026-12-18,177,0.4849315068493151,call,51.0,5.1,5.6,5.92,3.0,188.0
2026-12-18,177,0.4849315068493151,call,52.5,4.25,4.65,4.45,11.0,2108.0
2026-12-18,177,0.4849315068493151,call,54.0,3.45,3.9,3.61,3.0,199.0
2026-12-18,177,0.4849315068493151,call,55.0,3.05,3.4,3.25,35.0,3971.0
2026-12-18,177,0.4849315068493151,call,56.0,2.68,3.0,2.74,16.0,569.0
2026-12-18,177,0.4849315068493151,call,57.5,2.17,2.39,2.23,5.0,6161.0
2026-12-18,177,0.4849315068493151,call,59.0,1.65,1.92,2.09,6.0,1246.0
2026-12-18,177,0.4849315068493151,call,60.0,1.45,1.69,1.53,320.0,20289.0
2026-12-18,177,0.4849315068493151,call,61.0,1.21,1.45,1.27,2.0,784.0
2026-12-18,177,0.4849315068493151,call,62.5,0.96,1.18,1.01,76.0,14167.0
2026-12-18,177,0.4849315068493151,call,64.0,0.69,0.95,1.0,10.0,870.0
2026-12-18,177,0.4849315068493151,call,65.0,0.64,0.8,0.7,606.0,25275.0
2026-12-18,177,0.4849315068493151,call,66.0,0.57,0.72,0.65,3.0,137.0
2026-12-18,177,0.4849315068493151,call,67.5,0.44,0.58,0.48,117.0,6461.0
2026-12-18,177,0.4849315068493151,call,69.0,0.33,0.45,0.45,133.0,419.0
2026-12-18,177,0.4849315068493151,call,70.0,0.28,0.49,0.35,1.0,17360.0
2026-12-18,177,0.4849315068493151,call,71.0,0.24,0.41,0.45,270.0,620.0
2026-12-18,177,0.4849315068493151,call,72.0,0.0,0.0,22.37,2.0,22.0
2026-12-18,177,0.4849315068493151,call,72.5,0.19,0.36,0.3,1.0,728.0
2026-12-18,177,0.4849315068493151,call,73.0,0.0,0.0,19.4,1.0,10.0
2026-12-18,177,0.4849315068493151,call,74.0,0.0,0.0,20.46,1.0,2.0
2026-12-18,177,0.4849315068493151,call,75.0,0.15,0.27,0.26,1.0,9815.0
2026-12-18,177,0.4849315068493151,call,76.0,15.5,18.0,15.18,2.0,8.0
2026-12-18,177,0.4849315068493151,call,77.0,0.0,0.0,15.6,2.0,5.0
2026-12-18,177,0.4849315068493151,call,78.0,14.0,14.25,11.84,4.0,2.0
2026-12-18,177,0.4849315068493151,call,79.0,16.35,18.8,13.78,1.0,2.0
2026-12-18,177,0.4849315068493151,call,80.0,0.07,0.22,0.1,43.0,1395.0
2026-12-18,177,0.4849315068493151,call,81.0,10.5,13.6,13.61,5.0,43.0
2026-12-18,177,0.4849315068493151,call,82.0,11.55,13.0,12.14,1.0,25.0
2026-12-18,177,0.4849315068493151,call,83.0,10.15,12.35,11.9,1.0,41.0
2026-12-18,177,0.4849315068493151,call,84.0,10.6,15.15,9.95,2.0,1017.0
2026-12-18,177,0.4849315068493151,call,85.0,0.02,0.18,0.11,1.0,805.0
2026-12-18,177,0.4849315068493151,call,86.0,10.05,11.45,9.3,1.0,397.0
2026-12-18,177,0.4849315068493151,call,87.0,0.0,0.0,9.63,1.0,20.0
2026-12-18,177,0.4849315068493151,call,88.0,0.0,0.0,10.81,1.0,850.0
2026-12-18,177,0.4849315068493151,call,89.0,0.0,0.0,10.45,3.0,48.0
2026-12-18,177,0.4849315068493151,call,90.0,0.01,0.16,0.1,1.0,800.0
2026-12-18,177,0.4849315068493151,call,91.0,0.0,0.0,8.25,4.0,3138.0
2026-12-18,177,0.4849315068493151,call,92.0,0.0,0.0,8.81,9.0,94.0
2026-12-18,177,0.4849315068493151,call,93.0,0.0,0.0,6.4,8.0,1488.0
2026-12-18,177,0.4849315068493151,call,94.0,0.0,0.0,6.2,10.0,158.0
2026-12-18,177,0.4849315068493151,call,95.0,0.0,0.0,7.27,1.0,7277.0
2026-12-18,177,0.4849315068493151,call,100.0,0.0,0.0,5.3,716.0,991.0
2026-12-18,177,0.4849315068493151,call,105.0,0.0,0.0,3.35,1.0,1046.0
2026-12-18,177,0.4849315068493151,call,110.0,0.0,0.0,2.44,2.0,426.0
2026-12-18,177,0.4849315068493151,call,115.0,0.0,0.0,1.73,1.0,399.0
2026-12-18,177,0.4849315068493151,call,120.0,0.0,0.0,1.1,2.0,719.0
2026-12-18,177,0.4849315068493151,call,125.0,0.0,0.0,0.62,18.0,233.0
2026-12-18,177,0.4849315068493151,call,130.0,0.0,0.0,0.62,13.0,2724.0
2026-12-18,177,0.4849315068493151,call,135.0,0.0,0.0,0.47,9.0,636.0
2026-12-18,177,0.4849315068493151,call,140.0,0.0,0.0,0.35,5.0,220.0
2026-12-18,177,0.4849315068493151,call,145.0,0.0,0.0,0.23,36.0,134.0
2026-12-18,177,0.4849315068493151,put,20.0,0.0,0.12,0.07,1.0,1399.0
2026-12-18,177,0.4849315068493151,put,22.5,0.01,0.82,0.01,2.0,249.0
2026-12-18,177,0.4849315068493151,put,25.0,0.0,0.0,0.06,16.0,0.0
2026-12-18,177,0.4849315068493151,put,27.5,0.0,5.0,0.22,48.0,964.0
2026-12-18,177,0.4849315068493151,put,30.0,0.0,0.35,0.08,27.0,7326.0
2026-12-18,177,0.4849315068493151,put,32.5,0.0,0.69,0.1,20.0,26606.0
2026-12-18,177,0.4849315068493151,put,35.0,0.05,0.25,0.09,3.0,14520.0
2026-12-18,177,0.4849315068493151,put,36.0,0.04,0.21,0.14,2.0,3108.0
2026-12-18,177,0.4849315068493151,put,36.5,0.0,2.34,0.38,2572.0,8026.0
2026-12-18,177,0.4849315068493151,put,37.0,0.06,0.24,0.15,2.0,4714.0
2026-12-18,177,0.4849315068493151,put,37.5,0.08,0.25,0.16,2.0,5453.0
2026-12-18,177,0.4849315068493151,put,38.0,0.12,0.28,0.23,1.0,49.0
2026-12-18,177,0.4849315068493151,put,38.5,0.0,0.0,0.41,129.0,0.0
2026-12-18,177,0.4849315068493151,put,39.0,0.13,0.31,0.25,1.0,23356.0
2026-12-18,177,0.4849315068493151,put,39.5,0.17,0.53,0.4,1.0,635.0
2026-12-18,177,0.4849315068493151,put,40.0,0.19,0.39,0.37,1.0,27313.0
2026-12-18,177,0.4849315068493151,put,40.5,0.21,0.58,0.31,1.0,6040.0
2026-12-18,177,0.4849315068493151,put,41.0,0.25,1.53,0.31,1.0,550.0
2026-12-18,177,0.4849315068493151,put,41.5,0.32,0.65,0.54,4.0,1078.0
2026-12-18,177,0.4849315068493151,put,42.0,0.32,0.5,0.34,1.0,247.0
2026-12-18,177,0.4849315068493151,put,42.5,0.37,1.94,0.54,1.0,12153.0
2026-12-18,177,0.4849315068493151,put,43.0,0.3,1.74,0.5,1.0,9361.0
2026-12-18,177,0.4849315068493151,put,43.5,0.45,1.85,0.5,100.0,526.0
2026-12-18,177,0.4849315068493151,put,44.0,0.43,0.68,0.59,8.0,7633.0
2026-12-18,177,0.4849315068493151,put,44.5,0.6,0.73,0.58,2699.0,16261.0
2026-12-18,177,0.4849315068493151,put,45.0,0.65,0.8,0.65,1.0,63361.0
2026-12-18,177,0.4849315068493151,put,45.5,0.72,0.96,0.7,1.0,10190.0
2026-12-18,177,0.4849315068493151,put,46.0,0.71,1.05,0.96,2.0,840.0
2026-12-18,177,0.4849315068493151,put,46.5,0.9,1.05,0.9,1.0,10884.0
2026-12-18,177,0.4849315068493151,put,47.0,0.92,1.16,1.09,45.0,2602.0
2026-12-18,177,0.4849315068493151,put,47.5,1.1,1.25,1.03,299.0,12482.0
2026-12-18,177,0.4849315068493151,put,49.0,1.49,1.66,1.38,1.0,508.0
2026-12-18,177,0.4849315068493151,put,50.0,0.93,1.98,1.78,100.0,19792.0
2026-12-18,177,0.4849315068493151,put,51.0,1.05,2.38,1.95,2.0,887.0
2026-12-18,177,0.4849315068493151,put,52.5,1.5,3.4,2.98,1.0,2862.0
2026-12-18,177,0.4849315068493151,put,54.0,3.4,3.75,3.55,1.0,2480.0
2026-12-18,177,0.4849315068493151,put,55.0,3.85,4.25,4.19,1.0,26650.0
2026-12-18,177,0.4849315068493151,put,56.0,4.5,5.1,4.2,2.0,188.0
2026-12-18,177,0.4849315068493151,put,57.5,5.5,5.85,5.7,3.0,18860.0
2026-12-18,177,0.4849315068493151,put,59.0,6.55,7.05,5.06,2.0,72.0
2026-12-18,177,0.4849315068493151,put,60.0,7.2,7.7,7.56,10.0,16782.0
2026-12-18,177,0.4849315068493151,put,61.0,7.95,8.7,5.6,154.0,157.0
2026-12-18,177,0.4849315068493151,put,62.5,9.15,9.9,7.11,14.0,6010.0
2026-12-18,177,0.4849315068493151,put,64.0,10.45,11.3,8.22,10.0,6.0
2026-12-18,177,0.4849315068493151,put,65.0,8.2,8.85,9.68,1.0,5.0
2026-12-18,177,0.4849315068493151,put,67.5,0.0,0.0,8.01,,0.0
2026-12-18,177,0.4849315068493151,put,70.0,14.85,18.4,16.7,2.0,3.0
2026-12-18,177,0.4849315068493151,put,72.0,0.0,0.0,2.53,7.0,1544.0
2026-12-18,177,0.4849315068493151,put,73.0,0.0,0.0,2.48,4.0,4044.0
2026-12-18,177,0.4849315068493151,put,74.0,0.0,0.0,2.88,6.0,350.0
2026-12-18,177,0.4849315068493151,put,75.0,0.0,0.0,3.05,2.0,4934.0
2026-12-18,177,0.4849315068493151,put,76.0,0.0,0.0,4.0,5.0,8.0
2026-12-18,177,0.4849315068493151,put,77.0,0.0,0.0,3.64,1.0,1335.0
2026-12-18,177,0.4849315068493151,put,78.0,2.0,7.0,4.79,2.0,1703.0
2026-12-18,177,0.4849315068493151,put,79.0,0.0,0.0,3.9,1.0,318.0
2026-12-18,177,0.4849315068493151,put,80.0,0.0,0.0,4.15,1.0,13822.0
2026-12-18,177,0.4849315068493151,put,81.0,3.95,7.5,5.75,2.0,3085.0
2026-12-18,177,0.4849315068493151,put,82.0,0.0,0.0,5.69,2.0,266.0
2026-12-18,177,0.4849315068493151,put,83.0,0.0,0.0,5.14,1.0,486.0
2026-12-18,177,0.4849315068493151,put,84.0,0.0,0.0,5.95,18.0,159.0
2026-12-18,177,0.4849315068493151,put,85.0,0.0,0.0,5.35,82.0,5651.0
2026-12-18,177,0.4849315068493151,put,86.0,0.0,0.0,6.25,2.0,761.0
2026-12-18,177,0.4849315068493151,put,87.0,0.0,0.0,6.3,1.0,200.0
2026-12-18,177,0.4849315068493151,put,88.0,0.0,0.0,7.81,4.0,3718.0
2026-12-18,177,0.4849315068493151,put,89.0,0.0,0.0,7.15,4.0,8025.0
2026-12-18,177,0.4849315068493151,put,90.0,35.0,38.0,35.5,6.0,8.0
2026-12-18,177,0.4849315068493151,put,91.0,0.0,0.0,8.05,4.0,4815.0
2026-12-18,177,0.4849315068493151,put,92.0,0.0,0.0,9.68,1.0,232.0
2026-12-18,177,0.4849315068493151,put,93.0,7.7,9.55,10.45,1.0,362.0
2026-12-18,177,0.4849315068493151,put,94.0,0.0,0.0,10.85,1.0,1065.0
2026-12-18,177,0.4849315068493151,put,95.0,0.0,0.0,10.82,3.0,2205.0
2026-12-18,177,0.4849315068493151,put,100.0,0.0,0.0,12.77,1.0,2559.0
2026-12-18,177,0.4849315068493151,put,105.0,14.7,16.05,18.58,2.0,5.0
2026-12-18,177,0.4849315068493151,put,110.0,21.25,22.0,21.75,8.0,29.0
2026-12-18,177,0.4849315068493151,put,115.0,21.5,24.0,27.08,2.0,1.0
2026-12-18,177,0.4849315068493151,put,120.0,26.95,28.65,35.25,16.0,0.0
2026-12-18,177,0.4849315068493151,put,125.0,35.5,36.15,40.28,1.0,0.0
2026-12-18,177,0.4849315068493151,put,140.0,45.5,50.5,49.8,,0.0
2026-12-31,190,0.5205479452054794,call,35.0,21.8,25.2,22.2,1.0,2.0
2026-12-31,190,0.5205479452054794,call,38.0,0.0,0.0,19.28,1.0,0.0
2026-12-31,190,0.5205479452054794,call,39.5,19.15,21.15,17.02,1.0,5.0
2026-12-31,190,0.5205479452054794,call,40.0,18.05,19.4,19.5,1.0,50.0
2026-12-31,190,0.5205479452054794,call,40.5,13.0,18.0,7.99,,11.0
2026-12-31,190,0.5205479452054794,call,41.0,12.85,17.5,7.5,,35.0
2026-12-31,190,0.5205479452054794,call,42.0,13.4,14.1,16.3,20.0,32.0
2026-12-31,190,0.5205479452054794,call,43.0,10.75,12.05,12.35,1.0,6.0
2026-12-31,190,0.5205479452054794,call,44.0,12.95,15.35,6.4,,1.0
2026-12-31,190,0.5205479452054794,call,44.5,9.4,10.75,16.6,1.0,1.0
2026-12-31,190,0.5205479452054794,call,45.0,9.05,10.4,10.83,1.0,104.0
2026-12-31,190,0.5205479452054794,call,45.5,14.1,15.45,12.05,15.0,107.0
2026-12-31,190,0.5205479452054794,call,46.0,8.4,9.35,13.25,4.0,6.0
2026-12-31,190,0.5205479452054794,call,46.5,7.85,9.35,11.3,1.0,1.0
2026-12-31,190,0.5205479452054794,call,47.0,7.7,8.7,14.3,1.0,16.0
2026-12-31,190,0.5205479452054794,call,47.5,0.0,0.0,16.35,2.0,0.0
2026-12-31,190,0.5205479452054794,call,48.0,7.0,8.05,8.75,5.0,29034.0
2026-12-31,190,0.5205479452054794,call,48.5,10.55,11.95,12.0,1.0,38.0
2026-12-31,190,0.5205479452054794,call,49.0,11.3,12.5,9.29,1.0,49.0
2026-12-31,190,0.5205479452054794,call,49.5,6.15,6.7,10.01,10.0,56.0
2026-12-31,190,0.5205479452054794,call,50.0,5.65,6.5,6.0,1.0,328.0
2026-12-31,190,0.5205479452054794,call,50.5,9.05,10.4,10.95,3.0,60.0
2026-12-31,190,0.5205479452054794,call,51.0,8.7,10.0,8.59,14.0,126.0
2026-12-31,190,0.5205479452054794,call,51.5,4.85,5.35,10.87,20.0,22.0
2026-12-31,190,0.5205479452054794,call,52.0,4.6,5.05,5.95,2.0,3232.0
2026-12-31,190,0.5205479452054794,call,52.5,4.3,4.75,7.7,1.0,54.0
2026-12-31,190,0.5205479452054794,call,53.0,3.85,4.5,7.6,5.0,244.0
2026-12-31,190,0.5205479452054794,call,55.0,3.05,3.5,3.22,4.0,1298.0
2026-12-31,190,0.5205479452054794,call,60.0,1.3,1.85,1.42,5.0,3608.0
2026-12-31,190,0.5205479452054794,call,65.0,0.75,0.89,0.75,389.0,946.0
2026-12-31,190,0.5205479452054794,call,70.0,0.36,0.5,0.46,10.0,708.0
2026-12-31,190,0.5205479452054794,call,75.0,0.16,0.28,0.24,12.0,210.0
2026-12-31,190,0.5205479452054794,call,80.0,0.0,0.5,0.18,26.0,1277.0
2026-12-31,190,0.5205479452054794,put,35.0,0.0,0.23,0.13,13.0,34.0
2026-12-31,190,0.5205479452054794,put,37.0,0.01,2.22,0.7,,10.0
2026-12-31,190,0.5205479452054794,put,37.5,0.03,0.49,0.17,59.0,63.0
2026-12-31,190,0.5205479452054794,put,38.0,0.03,0.37,0.25,1.0,7.0
2026-12-31,190,0.5205479452054794,put,38.5,0.0,0.59,0.5,,8.0
2026-12-31,190,0.5205479452054794,put,39.0,0.0,0.41,0.3,2.0,4.0
2026-12-31,190,0.5205479452054794,put,39.5,0.0,2.25,1.35,2.0,1.0
2026-12-31,190,0.5205479452054794,put,40.0,0.0,0.59,0.39,1.0,24.0
2026-12-31,190,0.5205479452054794,put,40.5,0.0,0.0,0.75,2.0,0.0
2026-12-31,190,0.5205479452054794,put,41.0,0.11,0.55,0.43,,250.0
2026-12-31,190,0.5205479452054794,put,42.0,0.0,1.81,1.13,60.0,51.0
2026-12-31,190,0.5205479452054794,put,43.0,0.49,0.66,0.59,5.0,2.0
2026-12-31,190,0.5205479452054794,put,43.5,0.0,0.0,1.14,1.0,0.0
2026-12-31,190,0.5205479452054794,put,44.0,0.62,0.91,0.69,1.0,42.0
2026-12-31,190,0.5205479452054794,put,45.0,0.7,0.98,0.82,5.0,274.0
2026-12-31,190,0.5205479452054794,put,45.5,0.78,1.12,0.92,4.0,9.0
2026-12-31,190,0.5205479452054794,put,46.0,0.89,1.13,0.97,2.0,49.0
2026-12-31,190,0.5205479452054794,put,46.5,1.0,1.21,1.09,2.0,9.0
2026-12-31,190,0.5205479452054794,put,47.0,1.13,1.35,0.97,1.0,145.0
2026-12-31,190,0.5205479452054794,put,47.5,1.12,1.52,1.41,19.0,75.0
2026-12-31,190,0.5205479452054794,put,48.0,1.35,1.63,1.35,225.0,237.0
2026-12-31,190,0.5205479452054794,put,48.5,1.47,1.74,1.49,2.0,821.0
2026-12-31,190,0.5205479452054794,put,49.0,1.41,2.0,1.69,1.0,15.0
2026-12-31,190,0.5205479452054794,put,49.5,1.76,2.15,1.99,2.0,3.0
2026-12-31,190,0.5205479452054794,put,50.0,1.77,2.22,2.1,3.0,692.0
2026-12-31,190,0.5205479452054794,put,50.5,2.1,2.48,1.79,3.0,42.0
2026-12-31,190,0.5205479452054794,put,51.0,1.62,2.12,2.41,3.0,31.0
2026-12-31,190,0.5205479452054794,put,51.5,2.28,2.86,1.77,1.0,16.0
2026-12-31,190,0.5205479452054794,put,52.0,2.49,3.1,2.9,3.0,20.0
2026-12-31,190,0.5205479452054794,put,52.5,2.75,3.25,3.1,1.0,224.0
2026-12-31,190,0.5205479452054794,put,53.0,3.05,3.5,3.42,40.0,75.0
2026-12-31,190,0.5205479452054794,put,55.0,4.0,4.6,3.9,16.0,77.0
2026-12-31,190,0.5205479452054794,put,60.0,7.3,7.95,6.94,22.0,133.0
2026-12-31,190,0.5205479452054794,put,65.0,11.4,12.15,10.92,1.0,4.0
2026-12-31,190,0.5205479452054794,put,70.0,14.45,18.0,15.5,2.0,7.0
2026-12-31,190,0.5205479452054794,put,80.0,25.55,27.6,25.65,5.0,1.0
2027-01-15,205,0.5616438356164384,call,20.0,31.65,35.0,33.7,80.0,0.0
2027-01-15,205,0.5616438356164384,call,22.5,29.15,33.25,35.74,1.0,2.0
2027-01-15,205,0.5616438356164384,call,25.0,26.5,30.75,28.75,350.0,276.0
2027-01-15,205,0.5616438356164384,call,27.5,25.65,28.8,31.39,4.0,20.0
2027-01-15,205,0.5616438356164384,call,30.0,22.45,25.1,27.45,1.0,41.0
2027-01-15,205,0.5616438356164384,call,32.5,22.35,23.2,25.25,4.0,104.0
2027-01-15,205,0.5616438356164384,call,35.0,18.7,19.3,18.88,16.0,387.0
2027-01-15,205,0.5616438356164384,call,36.5,0.0,0.0,25.5,1.0,0.0
2027-01-15,205,0.5616438356164384,call,37.0,21.15,22.0,19.31,1.0,77.0
2027-01-15,205,0.5616438356164384,call,37.5,20.6,21.55,18.15,4.0,100.0
2027-01-15,205,0.5616438356164384,call,38.0,15.55,16.65,20.22,2.0,244.0
2027-01-15,205,0.5616438356164384,call,38.5,20.0,21.65,17.85,74.0,9.0
2027-01-15,205,0.5616438356164384,call,39.0,19.6,21.15,17.15,65.0,76.0
2027-01-15,205,0.5616438356164384,call,39.5,14.15,15.2,14.75,60.0,45.0
2027-01-15,205,0.5616438356164384,call,40.0,14.0,14.45,14.15,89.0,3845.0
2027-01-15,205,0.5616438356164384,call,40.5,13.45,14.15,14.1,2.0,172.0
2027-01-15,205,0.5616438356164384,call,41.0,12.8,13.85,14.36,6.0,1245.0
2027-01-15,205,0.5616438356164384,call,41.5,12.35,13.3,19.0,1.0,314.0
2027-01-15,205,0.5616438356164384,call,42.0,12.0,12.9,13.43,3.0,1048.0
2027-01-15,205,0.5616438356164384,call,42.5,11.45,12.35,11.9,21.0,1802.0
2027-01-15,205,0.5616438356164384,call,43.0,11.05,11.9,11.4,40.0,7708.0
2027-01-15,205,0.5616438356164384,call,43.5,10.6,11.35,11.05,1.0,296.0
2027-01-15,205,0.5616438356164384,call,44.0,10.3,11.05,11.05,94.0,1505.0
2027-01-15,205,0.5616438356164384,call,44.5,14.45,15.0,15.32,5.0,56.0
2027-01-15,205,0.5616438356164384,call,45.0,9.55,10.1,9.8,20.0,22071.0
2027-01-15,205,0.5616438356164384,call,45.5,9.1,9.75,14.35,100.0,652.0
2027-01-15,205,0.5616438356164384,call,46.0,8.75,9.5,9.06,1.0,405.0
2027-01-15,205,0.5616438356164384,call,46.5,8.4,8.9,12.0,1.0,237.0
2027-01-15,205,0.5616438356164384,call,47.0,7.8,8.6,12.3,38.0,1463.0
2027-01-15,205,0.5616438356164384,call,47.5,7.65,8.1,7.75,5.0,3425.0
2027-01-15,205,0.5616438356164384,call,48.0,7.15,7.75,7.35,4.0,5673.0
2027-01-15,205,0.5616438356164384,call,48.5,7.0,7.35,7.8,12.0,630.0
2027-01-15,205,0.5616438356164384,call,50.0,5.95,6.35,6.1,56.0,22049.0
2027-01-15,205,0.5616438356164384,call,52.5,4.4,4.8,4.58,294.0,13573.0
2027-01-15,205,0.5616438356164384,call,55.0,3.25,3.65,3.45,371.0,22418.0
2027-01-15,205,0.5616438356164384,call,57.5,2.28,2.62,2.33,1.0,4892.0
2027-01-15,205,0.5616438356164384,call,60.0,1.51,1.86,1.73,1042.0,30453.0
2027-01-15,205,0.5616438356164384,call,62.5,0.94,1.42,1.22,43.0,3422.0
2027-01-15,205,0.5616438356164384,call,65.0,0.77,0.93,0.87,867.0,20780.0
2027-01-15,205,0.5616438356164384,call,67.5,0.56,0.69,0.64,191.0,6354.0
2027-01-15,205,0.5616438356164384,call,70.0,0.41,0.45,0.42,549.0,21969.0
2027-01-15,205,0.5616438356164384,call,73.0,0.0,0.0,21.4,1.0,138.0
2027-01-15,205,0.5616438356164384,call,74.0,20.2,22.35,16.35,,35.0
2027-01-15,205,0.5616438356164384,call,75.0,0.23,0.29,0.25,260.0,9485.0
2027-01-15,205,0.5616438356164384,call,76.0,15.9,21.05,14.5,32.0,34.0
2027-01-15,205,0.5616438356164384,call,77.0,0.0,0.0,18.12,31.0,36.0
2027-01-15,205,0.5616438356164384,call,78.0,0.0,0.0,17.4,1.0,35.0
2027-01-15,205,0.5616438356164384,call,79.0,0.0,0.0,16.49,20.0,46.0
2027-01-15,205,0.5616438356164384,call,80.0,0.09,0.18,0.16,13.0,10886.0
2027-01-15,205,0.5616438356164384,call,81.0,0.0,0.0,14.9,66.0,130.0
2027-01-15,205,0.5616438356164384,call,82.0,0.0,0.0,14.53,2.0,2146.0
2027-01-15,205,0.5616438356164384,call,83.0,12.15,13.7,11.5,40.0,207.0
2027-01-15,205,0.5616438356164384,call,84.0,0.0,0.0,13.75,25.0,124.0
2027-01-15,205,0.5616438356164384,call,85.0,0.06,0.13,0.12,2.0,3166.0
2027-01-15,205,0.5616438356164384,call,86.0,0.0,0.0,11.24,5.0,4691.0
2027-01-15,205,0.5616438356164384,call,87.0,0.0,0.0,10.54,3.0,185.0
2027-01-15,205,0.5616438356164384,call,88.0,0.0,0.0,10.57,2.0,779.0
2027-01-15,205,0.5616438356164384,call,89.0,0.0,0.0,8.76,1.0,43.0
2027-01-15,205,0.5616438356164384,call,90.0,0.07,0.11,0.08,190.0,8174.0
2027-01-15,205,0.5616438356164384,call,91.0,0.0,0.0,8.03,6.0,318.0
2027-01-15,205,0.5616438356164384,call,92.0,0.0,0.0,8.85,1.0,299.0
2027-01-15,205,0.5616438356164384,call,93.0,0.0,0.0,7.22,2.0,119.0
2027-01-15,205,0.5616438356164384,call,94.0,0.0,0.0,6.97,4.0,160.0
2027-01-15,205,0.5616438356164384,call,95.0,0.0,0.0,7.51,12.0,1700.0
2027-01-15,205,0.5616438356164384,call,96.0,0.0,0.0,6.27,2.0,2561.0
2027-01-15,205,0.5616438356164384,call,97.0,0.0,0.0,6.85,1.0,228.0
2027-01-15,205,0.5616438356164384,call,100.0,0.0,0.0,5.38,28.0,4205.0
2027-01-15,205,0.5616438356164384,call,105.0,0.0,0.0,3.86,20.0,1236.0
2027-01-15,205,0.5616438356164384,call,110.0,0.0,0.0,2.7,1.0,1439.0
2027-01-15,205,0.5616438356164384,call,115.0,0.0,0.0,1.93,1.0,318.0
2027-01-15,205,0.5616438356164384,call,120.0,0.0,0.0,1.31,18.0,1693.0
2027-01-15,205,0.5616438356164384,call,125.0,0.0,0.0,0.98,5.0,1266.0
2027-01-15,205,0.5616438356164384,call,130.0,0.0,0.0,0.71,4.0,877.0
2027-01-15,205,0.5616438356164384,call,135.0,0.0,0.0,0.48,2.0,2614.0
2027-01-15,205,0.5616438356164384,call,140.0,0.0,0.0,0.35,100.0,588.0
2027-01-15,205,0.5616438356164384,put,20.0,0.0,0.11,0.04,5.0,549.0
2027-01-15,205,0.5616438356164384,put,22.5,0.0,0.35,0.01,15.0,297.0
2027-01-15,205,0.5616438356164384,put,25.0,0.0,0.18,0.06,1.0,20733.0
2027-01-15,205,0.5616438356164384,put,27.5,0.0,0.1,0.05,2.0,40074.0
2027-01-15,205,0.5616438356164384,put,30.0,0.0,0.07,0.04,305.0,28322.0
2027-01-15,205,0.5616438356164384,put,32.5,0.02,0.19,0.09,1000.0,19531.0
2027-01-15,205,0.5616438356164384,put,35.0,0.08,0.19,0.13,102.0,65102.0
2027-01-15,205,0.5616438356164384,put,36.5,0.0,0.28,0.28,28.0,80355.0
2027-01-15,205,0.5616438356164384,put,37.0,0.14,0.33,0.25,20.0,2099.0
2027-01-15,205,0.5616438356164384,put,37.5,0.15,0.31,0.2,6.0,30302.0
2027-01-15,205,0.5616438356164384,put,38.0,0.19,0.56,0.33,20.0,740.0
2027-01-15,205,0.5616438356164384,put,38.5,0.19,0.35,0.39,993.0,1245.0
2027-01-15,205,0.5616438356164384,put,39.0,0.22,0.34,0.32,2.0,3310.0
2027-01-15,205,0.5616438356164384,put,39.5,0.27,0.64,0.49,5.0,629.0
2027-01-15,205,0.5616438356164384,put,40.0,0.27,0.38,0.36,1.0,39797.0
2027-01-15,205,0.5616438356164384,put,40.5,0.11,0.45,0.55,230.0,1993.0
2027-01-15,205,0.5616438356164384,put,41.0,0.32,0.49,0.52,40.0,2207.0
2027-01-15,205,0.5616438356164384,put,41.5,0.21,0.53,0.51,2.0,778.0
2027-01-15,205,0.5616438356164384,put,42.0,0.42,0.61,0.52,1.0,8563.0
2027-01-15,205,0.5616438356164384,put,42.5,0.5,0.65,0.53,2.0,27443.0
2027-01-15,205,0.5616438356164384,put,43.0,0.55,0.79,0.62,10.0,13185.0
2027-01-15,205,0.5616438356164384,put,43.5,0.61,0.86,0.7,1.0,2295.0
2027-01-15,205,0.5616438356164384,put,44.0,0.68,0.93,0.75,31.0,1849.0
2027-01-15,205,0.5616438356164384,put,44.5,0.74,0.99,0.82,23.0,6922.0
2027-01-15,205,0.5616438356164384,put,45.0,0.85,0.97,0.81,31.0,72471.0
2027-01-15,205,0.5616438356164384,put,45.5,0.87,1.07,1.01,3.0,4869.0
2027-01-15,205,0.5616438356164384,put,46.0,0.93,1.29,1.15,30.0,2497.0
2027-01-15,205,0.5616438356164384,put,46.5,1.07,1.34,1.25,37.0,870.0
2027-01-15,205,0.5616438356164384,put,47.0,1.2,1.5,1.36,45.0,678.0
2027-01-15,205,0.5616438356164384,put,47.5,1.3,1.59,1.49,76.0,12642.0
2027-01-15,205,0.5616438356164384,put,48.0,1.41,1.64,1.56,45.0,574.0
2027-01-15,205,0.5616438356164384,put,48.5,1.57,1.77,1.7,72.0,6838.0
2027-01-15,205,0.5616438356164384,put,50.0,1.97,2.23,2.18,7720.0,39751.0
2027-01-15,205,0.5616438356164384,put,52.5,2.9,3.35,3.14,5.0,8961.0
2027-01-15,205,0.5616438356164384,put,55.0,3.95,4.6,4.5,8.0,17249.0
2027-01-15,205,0.5616438356164384,put,57.5,5.75,6.15,5.93,5.0,3328.0
2027-01-15,205,0.5616438356164384,put,60.0,7.45,8.05,7.8,1.0,5267.0
2027-01-15,205,0.5616438356164384,put,62.5,9.4,10.1,7.8,113.0,464.0
2027-01-15,205,0.5616438356164384,put,65.0,11.6,12.3,12.0,15.0,2103.0
2027-01-15,205,0.5616438356164384,put,67.5,0.0,0.0,8.7,316.0,0.0
2027-01-15,205,0.5616438356164384,put,70.0,16.25,17.05,16.84,5.0,57.0
2027-01-15,205,0.5616438356164384,put,73.0,0.0,0.0,2.66,300.0,2645.0
2027-01-15,205,0.5616438356164384,put,74.0,0.0,0.0,3.05,751.0,571.0
2027-01-15,205,0.5616438356164384,put,75.0,19.45,23.55,19.1,2.0,0.0
2027-01-15,205,0.5616438356164384,put,76.0,0.0,0.0,4.25,115.0,634.0
2027-01-15,205,0.5616438356164384,put,77.0,0.0,0.0,3.65,1.0,309.0
2027-01-15,205,0.5616438356164384,put,78.0,0.0,0.0,3.82,1.0,1599.0
2027-01-15,205,0.5616438356164384,put,79.0,0.0,0.0,4.15,2.0,437.0
2027-01-15,205,0.5616438356164384,put,80.0,0.0,0.0,4.38,10.0,17686.0
2027-01-15,205,0.5616438356164384,put,81.0,0.0,0.0,4.83,707.0,1471.0
2027-01-15,205,0.5616438356164384,put,82.0,0.0,0.0,5.83,330.0,2548.0
2027-01-15,205,0.5616438356164384,put,83.0,0.0,0.0,5.52,4.0,95.0
2027-01-15,205,0.5616438356164384,put,84.0,0.0,0.0,6.05,5.0,507.0
2027-01-15,205,0.5616438356164384,put,85.0,0.0,0.0,6.6,52.0,11889.0
2027-01-15,205,0.5616438356164384,put,86.0,0.0,0.0,6.09,2.0,4686.0
2027-01-15,205,0.5616438356164384,put,87.0,0.0,0.0,7.76,330.0,1096.0
2027-01-15,205,0.5616438356164384,put,88.0,0.0,0.0,8.13,550.0,878.0
2027-01-15,205,0.5616438356164384,put,89.0,0.0,0.0,8.25,250.0,3457.0
2027-01-15,205,0.5616438356164384,put,90.0,34.5,38.55,29.23,350.0,0.0
2027-01-15,205,0.5616438356164384,put,91.0,0.0,0.0,8.25,2000.0,2170.0
2027-01-15,205,0.5616438356164384,put,92.0,0.0,0.0,8.67,2.0,71.0
2027-01-15,205,0.5616438356164384,put,93.0,0.0,0.0,9.5,1.0,143.0
2027-01-15,205,0.5616438356164384,put,94.0,0.0,0.0,11.82,5.0,50.0
2027-01-15,205,0.5616438356164384,put,95.0,10.45,11.8,12.06,1.0,68.0
2027-01-15,205,0.5616438356164384,put,96.0,9.65,12.05,10.8,1.0,43.0
2027-01-15,205,0.5616438356164384,put,97.0,9.5,12.65,11.35,4.0,30.0
2027-01-15,205,0.5616438356164384,put,100.0,0.0,0.0,15.6,1.0,27.0
2027-01-15,205,0.5616438356164384,put,105.0,0.0,0.0,18.15,2.0,6.0
2027-01-15,205,0.5616438356164384,put,110.0,28.55,31.5,22.54,4.0,2.0
2027-01-15,205,0.5616438356164384,put,115.0,0.0,0.0,27.85,4.0,9.0
2027-01-15,205,0.5616438356164384,put,120.0,0.0,0.0,34.75,46.0,0.0
2027-01-15,205,0.5616438356164384,put,130.0,37.0,42.0,37.0,1.0,0.0
2027-03-19,268,0.7342465753424657,call,30.0,22.1,25.3,27.45,1.0,2.0
2027-03-19,268,0.7342465753424657,call,35.0,21.5,24.8,20.75,,2.0
2027-03-19,268,0.7342465753424657,call,40.0,14.0,14.9,14.27,2.0,38.0
2027-03-19,268,0.7342465753424657,call,45.0,9.85,10.5,10.2,25.0,98.0
2027-03-19,268,0.7342465753424657,call,50.0,6.55,7.05,6.91,1.0,47.0
2027-03-19,268,0.7342465753424657,call,51.0,5.95,6.45,6.5,1.0,4.0
2027-03-19,268,0.7342465753424657,call,52.0,5.3,5.9,8.35,2.0,31.0
2027-03-19,268,0.7342465753424657,call,53.0,4.65,5.3,5.0,27.0,47.0
2027-03-19,268,0.7342465753424657,call,54.0,4.25,4.75,4.5,6.0,121.0
2027-03-19,268,0.7342465753424657,call,55.0,3.9,4.35,4.0,30.0,151.0
2027-03-19,268,0.7342465753424657,call,56.0,3.45,3.95,3.55,11.0,77.0
2027-03-19,268,0.7342465753424657,call,57.0,3.05,3.55,3.25,16.0,82.0
2027-03-19,268,0.7342465753424657,call,58.0,2.57,3.2,2.85,1.0,1076.0
2027-03-19,268,0.7342465753424657,call,59.0,2.36,2.73,3.25,14.0,600.0
2027-03-19,268,0.7342465753424657,call,60.0,2.03,2.57,2.33,15.0,12721.0
2027-03-19,268,0.7342465753424657,call,61.0,1.9,2.32,2.02,7.0,593.0
2027-03-19,268,0.7342465753424657,call,62.0,1.63,1.97,1.78,5.0,414.0
2027-03-19,268,0.7342465753424657,call,63.0,1.36,1.86,1.66,1.0,12515.0
2027-03-19,268,0.7342465753424657,call,64.0,1.2,1.77,1.37,8.0,265.0
2027-03-19,268,0.7342465753424657,call,65.0,1.17,1.4,1.4,251.0,868.0
2027-03-19,268,0.7342465753424657,call,66.0,0.85,1.27,2.83,1.0,310.0
2027-03-19,268,0.7342465753424657,call,67.0,0.87,1.11,3.15,3.0,346.0
2027-03-19,268,0.7342465753424657,call,68.0,0.82,1.05,0.9,64.0,455.0
2027-03-19,268,0.7342465753424657,call,69.0,0.7,0.91,2.25,5.0,22.0
2027-03-19,268,0.7342465753424657,call,70.0,0.65,0.81,0.85,22.0,268.0
2027-03-19,268,0.7342465753424657,call,75.0,0.0,0.55,0.47,57.0,5542.0
2027-03-19,268,0.7342465753424657,call,80.0,0.27,0.42,0.32,1.0,68.0
2027-03-19,268,0.7342465753424657,call,85.0,0.13,0.28,0.23,1.0,88.0
2027-03-19,268,0.7342465753424657,call,90.0,0.0,0.35,0.17,2.0,467.0
2027-03-19,268,0.7342465753424657,put,30.0,0.0,0.31,0.14,1.0,2.0
2027-03-19,268,0.7342465753424657,put,35.0,0.14,0.31,0.23,2.0,5.0
2027-03-19,268,0.7342465753424657,put,40.0,0.47,0.59,0.52,4.0,791.0
2027-03-19,268,0.7342465753424657,put,45.0,1.0,1.25,1.2,5.0,5469.0
2027-03-19,268,0.7342465753424657,put,50.0,2.27,2.6,2.31,22.0,1619.0
2027-03-19,268,0.7342465753424657,put,51.0,2.79,3.2,2.95,7.0,6.0
2027-03-19,268,0.7342465753424657,put,52.0,3.0,3.65,3.39,25.0,197.0
2027-03-19,268,0.7342465753424657,put,53.0,3.6,4.05,3.46,10.0,44.0
2027-03-19,268,0.7342465753424657,put,54.0,4.0,4.55,3.96,3.0,640.0
2027-03-19,268,0.7342465753424657,put,55.0,4.55,5.05,4.43,2.0,20722.0
2027-03-19,268,0.7342465753424657,put,56.0,5.1,5.7,5.0,23.0,117.0
2027-03-19,268,0.7342465753424657,put,57.0,5.7,6.3,5.6,2.0,364.0
2027-03-19,268,0.7342465753424657,put,58.0,6.4,7.05,6.2,15.0,321.0
2027-03-19,268,0.7342465753424657,put,59.0,7.0,7.8,6.9,2.0,3720.0
2027-03-19,268,0.7342465753424657,put,60.0,7.75,8.4,8.0,15.0,7022.0
2027-03-19,268,0.7342465753424657,put,61.0,8.45,9.35,6.45,2.0,125.0
2027-03-19,268,0.7342465753424657,put,62.0,9.1,10.0,7.1,6.0,3780.0
2027-03-19,268,0.7342465753424657,put,63.0,10.0,10.9,7.0,2.0,435.0
2027-03-19,268,0.7342465753424657,put,64.0,0.0,0.0,7.7,,0.0
2027-03-19,268,0.7342465753424657,put,65.0,0.0,0.0,7.55,71.0,0.0
2027-03-19,268,0.7342465753424657,put,66.0,0.0,0.0,8.85,71.0,0.0
2027-03-19,268,0.7342465753424657,put,67.0,13.35,14.6,11.52,20.0,20.0
2027-03-19,268,0.7342465753424657,put,70.0,0.0,0.0,12.59,,0.0
2027-03-19,268,0.7342465753424657,put,85.0,24.95,28.35,30.6,4.0,0.0
2027-03-19,268,0.7342465753424657,put,90.0,0.0,0.0,29.3,,0.0
2027-03-31,280,0.7671232876712328,call,45.0,9.15,11.65,11.99,18.0,43.0
2027-03-31,280,0.7671232876712328,call,46.0,9.15,9.95,12.82,2.0,3.0
2027-03-31,280,0.7671232876712328,call,48.0,8.05,10.55,13.02,1.0,6.0
2027-03-31,280,0.7671232876712328,call,49.5,5.8,8.4,10.07,,1.0
2027-03-31,280,0.7671232876712328,call,50.0,5.55,7.95,6.63,15.0,138.0
2027-03-31,280,0.7671232876712328,call,50.5,6.05,7.75,9.69,,1.0
2027-03-31,280,0.7671232876712328,call,52.0,7.65,10.7,7.72,2.0,2.0
2027-03-31,280,0.7671232876712328,call,52.5,7.05,9.65,7.22,1.0,1.0
2027-03-31,280,0.7671232876712328,call,53.5,3.45,5.15,7.62,,2.0
2027-03-31,280,0.7671232876712328,call,54.5,3.45,5.4,6.49,1.0,1.0
2027-03-31,280,0.7671232876712328,call,55.0,3.75,5.0,4.14,35.0,101.0
2027-03-31,280,0.7671232876712328,call,55.5,3.1,4.95,3.93,30.0,30.0
2027-03-31,280,0.7671232876712328,call,56.0,2.9,4.6,3.75,34.0,58.0
2027-03-31,280,0.7671232876712328,call,56.5,2.81,4.55,4.9,2.0,22.0
2027-03-31,280,0.7671232876712328,call,57.0,2.82,4.35,3.05,4.0,263.0
2027-03-31,280,0.7671232876712328,call,57.5,2.81,3.45,3.15,1.0,7.0
2027-03-31,280,0.7671232876712328,call,58.0,2.55,3.25,3.0,1.0,258.0
2027-03-31,280,0.7671232876712328,call,58.5,2.4,3.3,5.7,2.0,9.0
2027-03-31,280,0.7671232876712328,call,59.0,2.18,3.25,3.64,1.0,73.0
2027-03-31,280,0.7671232876712328,call,59.5,2.23,2.81,5.6,2.0,2.0
2027-03-31,280,0.7671232876712328,call,60.0,2.04,2.67,2.45,31.0,46.0
2027-03-31,280,0.7671232876712328,call,61.0,1.96,2.3,2.49,3.0,4.0
2027-03-31,280,0.7671232876712328,call,62.0,1.42,2.43,1.96,3.0,535.0
2027-03-31,280,0.7671232876712328,call,63.0,1.34,2.24,2.06,2.0,72.0
2027-03-31,280,0.7671232876712328,call,64.0,1.24,1.98,3.1,1.0,32.0
2027-03-31,280,0.7671232876712328,call,65.0,1.18,1.67,1.42,2.0,83.0
2027-03-31,280,0.7671232876712328,call,66.0,1.07,1.82,3.25,3.0,3.0
2027-03-31,280,0.7671232876712328,call,67.0,0.92,1.38,2.98,8.0,8.0
2027-03-31,280,0.7671232876712328,call,68.0,0.78,1.24,2.71,7.0,8.0
2027-03-31,280,0.7671232876712328,call,69.0,0.73,1.02,0.93,2.0,4.0
2027-03-31,280,0.7671232876712328,call,70.0,0.66,1.36,1.03,1.0,212.0
2027-03-31,280,0.7671232876712328,call,72.0,0.52,0.73,1.75,1.0,2.0
2027-03-31,280,0.7671232876712328,call,73.0,0.27,0.78,1.34,,120.0
2027-03-31,280,0.7671232876712328,call,74.0,0.23,0.8,1.17,,2.0
2027-03-31,280,0.7671232876712328,call,75.0,0.17,0.56,1.07,2.0,5.0
2027-03-31,280,0.7671232876712328,call,76.0,0.27,0.51,0.43,1.0,16.0
2027-03-31,280,0.7671232876712328,put,45.0,1.01,1.56,1.21,2.0,58.0
2027-03-31,280,0.7671232876712328,put,46.0,1.3,1.85,1.5,10.0,59.0
2027-03-31,280,0.7671232876712328,put,49.0,1.98,2.43,2.04,,2.0
2027-03-31,280,0.7671232876712328,put,49.5,2.15,2.58,2.2,,4.0
2027-03-31,280,0.7671232876712328,put,50.0,2.38,3.6,2.41,1.0,1.0
2027-03-31,280,0.7671232876712328,put,50.5,2.33,3.7,2.51,,4.0
2027-03-31,280,0.7671232876712328,put,51.0,2.17,4.0,2.37,,1.0
2027-03-31,280,0.7671232876712328,put,51.5,2.2,2.78,3.5,10.0,9.0
2027-03-31,280,0.7671232876712328,put,52.0,2.75,4.4,3.2,1.0,6.0
2027-03-31,280,0.7671232876712328,put,52.5,2.91,4.65,3.9,1.0,46.0
2027-03-31,280,0.7671232876712328,put,53.0,3.65,4.75,3.66,1.0,9.0
2027-03-31,280,0.7671232876712328,put,54.0,1.66,6.0,3.72,,3.0
2027-03-31,280,0.7671232876712328,put,55.0,4.1,5.6,5.12,2.0,16.0
2027-03-31,280,0.7671232876712328,put,55.5,4.3,6.15,4.85,3.0,3.0
2027-03-31,280,0.7671232876712328,put,56.0,4.4,6.0,5.15,1.0,1735.0
2027-03-31,280,0.7671232876712328,put,56.5,4.85,6.75,4.4,2.0,10.0
2027-03-31,280,0.7671232876712328,put,57.0,5.5,6.0,4.55,10.0,10.0
2027-03-31,280,0.7671232876712328,put,57.5,5.35,7.35,5.41,,6.0
2027-03-31,280,0.7671232876712328,put,58.0,6.55,7.2,5.6,1.0,5.0
2027-03-31,280,0.7671232876712328,put,58.5,6.85,7.55,5.91,1.0,10.0
2027-03-31,280,0.7671232876712328,put,59.0,7.15,8.55,6.59,1.0,9.0
2027-03-31,280,0.7671232876712328,put,59.5,6.7,9.15,6.93,1.0,1.0
2027-03-31,280,0.7671232876712328,put,60.0,7.1,9.0,8.3,20.0,7503.0
2027-03-31,280,0.7671232876712328,put,62.0,8.5,10.2,6.71,,2.0
2027-03-31,280,0.7671232876712328,put,63.0,8.75,10.05,7.78,10.0,10.0
2027-03-31,280,0.7671232876712328,put,64.0,8.1,9.3,9.41,,10.0
2027-03-31,280,0.7671232876712328,put,65.0,10.75,13.7,11.15,,1.0
2027-03-31,280,0.7671232876712328,put,67.0,9.2,12.35,12.28,,1.0
2027-03-31,280,0.7671232876712328,put,70.0,12.35,13.05,14.17,,1.0
2027-06-17,358,0.9808219178082191,call,22.5,33.5,38.5,34.45,1.0,2.0
2027-06-17,358,0.9808219178082191,call,25.0,0.0,0.0,37.67,4.0,0.0
2027-06-17,358,0.9808219178082191,call,27.5,29.5,34.5,29.7,1.0,1.0
2027-06-17,358,0.9808219178082191,call,30.0,21.5,26.35,23.8,2.0,66.0
2027-06-17,358,0.9808219178082191,call,32.5,20.1,23.0,21.13,1.0,40.0
2027-06-17,358,0.9808219178082191,call,35.0,18.0,20.5,19.81,1.0,9.0
2027-06-17,358,0.9808219178082191,call,35.5,17.85,21.45,22.15,6.0,1.0
2027-06-17,358,0.9808219178082191,call,36.0,,,8.82,,
2027-06-17,358,0.9808219178082191,call,36.5,0.0,0.0,21.09,1.0,0.0
2027-06-17,358,0.9808219178082191,call,37.5,15.8,18.5,18.65,1.0,5.0
2027-06-17,358,0.9808219178082191,call,38.0,0.0,0.0,17.88,2.0,0.0
2027-06-17,358,0.9808219178082191,call,38.5,14.0,17.4,16.37,6.0,8.0
2027-06-17,358,0.9808219178082191,call,39.0,14.4,16.6,20.6,1.0,10.0
2027-06-17,358,0.9808219178082191,call,40.0,13.05,15.85,14.71,61.0,231.0
2027-06-17,358,0.9808219178082191,call,40.5,12.5,15.7,14.3,15.0,0.0
2027-06-17,358,0.9808219178082191,call,41.0,12.75,16.2,13.9,8.0,4.0
2027-06-17,358,0.9808219178082191,call,41.5,12.35,14.55,17.45,2.0,15.0
2027-06-17,358,0.9808219178082191,call,42.0,12.6,14.3,13.1,15.0,126.0
2027-06-17,358,0.9808219178082191,call,42.5,11.55,13.1,16.3,5.0,26.0
2027-06-17,358,0.9808219178082191,call,43.0,11.1,13.45,12.3,21.0,53.0
2027-06-17,358,0.9808219178082191,call,43.5,9.95,13.3,11.9,2.0,424.0
2027-06-17,358,0.9808219178082191,call,44.0,10.4,11.95,16.0,43.0,87.0
2027-06-17,358,0.9808219178082191,call,44.5,9.85,11.6,12.34,12.0,47.0
2027-06-17,358,0.9808219178082191,call,45.0,10.5,11.95,10.9,2.0,3519.0
2027-06-17,358,0.9808219178082191,call,47.5,7.85,10.05,9.0,1719.0,1944.0
2027-06-17,358,0.9808219178082191,call,50.0,7.1,7.9,7.32,1.0,5185.0
2027-06-17,358,0.9808219178082191,call,52.5,5.6,6.65,5.83,10.0,3982.0
2027-06-17,358,0.9808219178082191,call,55.0,4.65,5.05,4.7,59.0,7461.0
2027-06-17,358,0.9808219178082191,call,57.5,3.65,4.3,3.75,14.0,2515.0
2027-06-17,358,0.9808219178082191,call,60.0,2.71,3.5,2.98,5.0,7008.0
2027-06-17,358,0.9808219178082191,call,62.5,2.14,2.48,2.33,3.0,19567.0
2027-06-17,358,0.9808219178082191,call,65.0,1.46,2.12,1.85,82.0,4651.0
2027-06-17,358,0.9808219178082191,call,67.5,1.15,1.82,1.4,50.0,715.0
2027-06-17,358,0.9808219178082191,call,70.0,1.0,1.48,1.3,3.0,4164.0
2027-06-17,358,0.9808219178082191,call,72.0,21.55,26.0,17.65,1.0,1.0
2027-06-17,358,0.9808219178082191,call,75.0,0.46,1.04,0.83,15.0,1052.0
2027-06-17,358,0.9808219178082191,call,77.0,18.55,21.1,14.17,1.0,1.0
2027-06-17,358,0.9808219178082191,call,80.0,0.24,1.13,0.48,2.0,3226.0
2027-06-17,358,0.9808219178082191,call,82.0,14.35,14.6,11.77,1.0,0.0
2027-06-17,358,0.9808219178082191,call,83.0,10.0,13.6,14.49,1.0,5.0
2027-06-17,358,0.9808219178082191,call,84.0,14.05,16.5,11.42,1.0,0.0
2027-06-17,358,0.9808219178082191,call,85.0,0.3,0.41,0.4,1.0,9.0
2027-06-17,358,0.9808219178082191,call,87.0,9.55,12.25,11.55,1.0,2.0
2027-06-17,358,0.9808219178082191,call,88.0,0.0,0.0,11.05,1.0,4.0
2027-06-17,358,0.9808219178082191,call,89.0,0.0,0.0,10.16,4.0,14.0
2027-06-17,358,0.9808219178082191,call,90.0,0.2,0.46,0.28,106.0,746.0
2027-06-17,358,0.9808219178082191,call,95.0,0.0,0.0,8.47,12.0,37.0
2027-06-17,358,0.9808219178082191,call,100.0,0.0,0.0,7.0,4.0,2233.0
2027-06-17,358,0.9808219178082191,call,105.0,0.0,0.0,6.45,3.0,264.0
2027-06-17,358,0.9808219178082191,call,110.0,0.0,0.0,4.0,1.0,1992.0
2027-06-17,358,0.9808219178082191,call,115.0,0.0,0.0,3.0,26.0,74.0
2027-06-17,358,0.9808219178082191,call,120.0,0.0,0.0,1.95,121.0,142.0
2027-06-17,358,0.9808219178082191,call,125.0,0.0,0.0,1.51,6.0,101.0
2027-06-17,358,0.9808219178082191,call,130.0,0.0,0.0,1.26,5.0,197.0
2027-06-17,358,0.9808219178082191,call,135.0,0.0,0.0,0.9,50.0,131.0
2027-06-17,358,0.9808219178082191,put,22.5,,,0.28,,
2027-06-17,358,0.9808219178082191,put,25.0,0.02,0.18,0.1,3.0,54.0
2027-06-17,358,0.9808219178082191,put,27.5,0.06,0.23,0.19,2.0,125.0
2027-06-17,358,0.9808219178082191,put,30.0,0.12,0.29,0.22,2.0,1595.0
2027-06-17,358,0.9808219178082191,put,32.5,0.01,5.0,0.89,2.0,134.0
2027-06-17,358,0.9808219178082191,put,35.0,0.0,0.45,0.34,1.0,2051.0
2027-06-17,358,0.9808219178082191,put,35.5,0.01,0.47,0.42,2.0,1629.0
2027-06-17,358,0.9808219178082191,put,36.0,0.37,1.09,0.43,4.0,853.0
2027-06-17,358,0.9808219178082191,put,36.5,0.2,0.75,0.56,10.0,2805.0
2027-06-17,358,0.9808219178082191,put,37.0,0.24,0.56,0.44,1.0,11.0
2027-06-17,358,0.9808219178082191,put,37.5,0.27,0.6,0.46,5.0,4733.0
2027-06-17,358,0.9808219178082191,put,38.0,0.31,0.66,0.51,1.0,68.0
2027-06-17,358,0.9808219178082191,put,38.5,0.35,0.7,0.59,22.0,65.0
2027-06-17,358,0.9808219178082191,put,39.0,0.0,0.0,0.92,2.0,0.0
2027-06-17,358,0.9808219178082191,put,39.5,0.39,0.75,0.96,4.0,100.0
2027-06-17,358,0.9808219178082191,put,40.0,0.12,0.9,0.77,2.0,5963.0
2027-06-17,358,0.9808219178082191,put,40.5,0.5,1.11,0.84,86.0,2428.0
2027-06-17,358,0.9808219178082191,put,41.0,0.72,0.96,0.92,74.0,44.0
2027-06-17,358,0.9808219178082191,put,41.5,0.74,0.97,1.0,28.0,49.0
2027-06-17,358,0.9808219178082191,put,42.0,0.99,1.11,1.07,50.0,6584.0
2027-06-17,358,0.9808219178082191,put,42.5,0.9,1.22,1.16,86.0,11.0
2027-06-17,358,0.9808219178082191,put,43.0,0.97,1.37,1.3,6.0,27.0
2027-06-17,358,0.9808219178082191,put,43.5,0.83,1.59,1.3,5.0,322.0
2027-06-17,358,0.9808219178082191,put,44.0,1.05,1.48,1.42,20.0,127.0
2027-06-17,358,0.9808219178082191,put,44.5,1.23,1.82,1.47,1.0,260.0
2027-06-17,358,0.9808219178082191,put,45.0,1.34,1.9,1.68,10.0,4761.0
2027-06-17,358,0.9808219178082191,put,47.5,2.18,2.57,2.26,1.0,2191.0
2027-06-17,358,0.9808219178082191,put,50.0,2.99,3.4,2.99,1.0,1679.0
2027-06-17,358,0.9808219178082191,put,52.5,3.7,4.6,4.02,12.0,6529.0
2027-06-17,358,0.9808219178082191,put,55.0,5.2,5.4,5.4,9.0,21203.0
2027-06-17,358,0.9808219178082191,put,57.5,6.45,7.3,6.8,2.0,3241.0
2027-06-17,358,0.9808219178082191,put,60.0,7.95,8.8,8.1,1.0,1544.0
2027-06-17,358,0.9808219178082191,put,62.5,10.1,10.9,7.34,10.0,268.0
2027-06-17,358,0.9808219178082191,put,65.0,12.05,12.95,11.72,20.0,705.0
2027-06-17,358,0.9808219178082191,put,67.5,0.0,0.0,10.05,144.0,0.0
2027-06-17,358,0.9808219178082191,put,70.0,16.3,17.95,17.06,96.0,465.0
2027-06-17,358,0.9808219178082191,put,71.0,0.0,0.0,3.25,1.0,803.0
2027-06-17,358,0.9808219178082191,put,72.0,0.0,0.0,3.45,1.0,404.0
2027-06-17,358,0.9808219178082191,put,73.0,3.4,4.8,3.9,135.0,1400.0
2027-06-17,358,0.9808219178082191,put,74.0,0.0,0.0,3.85,1.0,3.0
2027-06-17,358,0.9808219178082191,put,75.0,0.0,0.0,3.95,4.0,2004.0
2027-06-17,358,0.9808219178082191,put,76.0,0.0,0.0,4.25,1.0,30.0
2027-06-17,358,0.9808219178082191,put,77.0,0.0,0.0,4.6,1.0,1.0
2027-06-17,358,0.9808219178082191,put,79.0,4.05,5.85,6.6,,8.0
2027-06-17,358,0.9808219178082191,put,80.0,24.0,29.0,25.71,10.0,0.0
2027-06-17,358,0.9808219178082191,put,81.0,4.5,6.9,6.5,1.0,1.0
2027-06-17,358,0.9808219178082191,put,82.0,0.0,0.0,5.86,6.0,6.0
2027-06-17,358,0.9808219178082191,put,83.0,0.0,0.0,6.74,1.0,4.0
2027-06-17,358,0.9808219178082191,put,85.0,5.9,8.25,8.85,,1.0
2027-06-17,358,0.9808219178082191,put,87.0,0.0,0.0,8.26,707.0,706.0
2027-06-17,358,0.9808219178082191,put,88.0,0.0,0.0,10.5,2.0,2.0
2027-06-17,358,0.9808219178082191,put,89.0,0.0,0.0,8.8,61.0,64.0
2027-06-17,358,0.9808219178082191,put,90.0,34.0,39.0,29.78,2.0,0.0
2027-06-17,358,0.9808219178082191,put,95.0,0.0,0.0,11.85,17.0,20.0
2027-06-17,358,0.9808219178082191,put,100.0,15.0,20.0,16.99,1.0,0.0
